"Station Name","Watershed","River_abbr","Distance_miles","Basin","Date","Month","Year","Storm_status","Ammonia Nitrogen","Biochemical Oxygen Demand","Cadmium","Calcium","Chromium","Conductivity","Copper","Dissolved Oxygen","Dissolved Oxygen Saturation","E Coli","Fecal Coliform","Fluoride","Gage height","Hardness","Lead","Magnesium","Nitrate + Nitrite as N","Organic Carbon","pH","Temperature","Total Kjeldahl Nitrogen","Total Phosphorus","Total Suspended Solids","Turbidity","Zinc"
"CC2.5CC","Crooked Creek","CC",2.5,"Cape Fear (South)",2025-01-28,"Jan",2025,"Before",0.03,2,0.069,29200,0.068,374,1.59,11,84,NA,81,0.03,0.54,104,0.1215,7490,0.02,NA,7.2,3.7,0.36,0.02,5.2,9.7,3.765
"CC2.5CC","Crooked Creek","CC",2.5,"Cape Fear (South)",2025-02-25,"Feb",2025,"Before",0.03,3,0.069,24200,0.068,547,3.075,11.3,93,NA,62,0.03,0.62,87.8,0.255,6680,0.02,NA,7.1,6.8,0.32,0.12,5.5,12.2,6.31
"CC2.5CC","Crooked Creek","CC",2.5,"Cape Fear (South)",2025-03-25,"Mar",2025,"Before",0.03,2,0.069,13500,0.131,245,2.32,8.7,82,NA,113,0.26,0.74,52.5,0.161,4580,0.12,NA,7.2,12.7,0.34,0.15,4.6,9.5,26.7
"CC2.5CC","Crooked Creek","CC",2.5,"Cape Fear (South)",2025-05-27,"May",2025,"Before",0.36,2,0.069,24400,0.068,269,1.76,7.4,72,NA,213,0.13,0.5,88,0.182,6550,0.18,NA,7.1,16.3,1.19,0.12,5,9.8,3.53
"CC2.5CC","Crooked Creek","CC",2.5,"Cape Fear (South)",2025-06-24,"Jun",2025,"Before",0.08,2,0.069,14100,0.8675,165,2.71,5.1,63,NA,1720,0.12,0.55,51.2,0.3125,3880,0.24,NA,6.9,25.2,0.72,0.12,11,20.3,2.68
"CC2.5CC","Crooked Creek","CC",2.5,"Cape Fear (South)",2025-07-22,"Jul",2025,"After",0.03,2,0.2035,8170,0.91975,86,4.08,5.7,71,NA,7700,0.08,0.7,28.95,0.93725,2070,0.185,NA,6.9,25.5,0.775,0.115,17.15,49.9,4.735
"CC2.5CC","Crooked Creek","CC",2.5,"Cape Fear (South)",2025-08-26,"Aug",2025,"After",0.05,2,0.069,26100,0.068,281,2.215,4.5,52,NA,510,0.14,0.48,95.8,0.2295,7460,0.17,NA,7.3,20.8,0.59,0.06,4.3,13.3,3.23
"CC2.5CC","Crooked Creek","CC",2.5,"Cape Fear (South)",2025-09-23,"Sep",2025,"After",0.03,7.1,0.069,37200,0.068,471,1.705,0.5,6,NA,300,0.19,0.39,144,0.142,12300,0.04,NA,7.3,18.9,0.42,0.1,3.3,3,2.68
"CC2.5CC","Crooked Creek","CC",2.5,"Cape Fear (South)",2025-10-28,"Oct",2025,"After",0.03,4.1,0.069,5820,0.2665,73.1,3.4,8.8,83,NA,13500,0.07,1.2,22.3,0.4875,1880,0.28,NA,7.2,12.6,0.68,0.15,26.3,39.3,4.435
"CC2.5CC","Crooked Creek","CC",2.5,"Cape Fear (South)",2025-11-18,"Nov",2025,"After",0.03,2,0.069,29500,0.068,314,1.35,2.7,24,NA,56,0.12,0.5,108,0.104,8350,0.04,NA,7.1,8.6,0.43,0.02,2.5,4.3,3.21
"CC2.5CC","Crooked Creek","CC",2.5,"Cape Fear (South)",2025-12-16,"Dec",2025,"After",0.03,2,0.069,25600,0.068,241,2.02,9.8,71,NA,175,0.1,0.5,92.1,0.137,6820,0.04,NA,7.3,1.8,0.41,0.04,2.7,7.5,2.68
"EL1.9EC","Ellerbe Creek","EL",1.9,"Neuse (North)",2025-01-14,"Jan",2025,"Before",0.37,2.7,0.069,21000,0.068,402,2.45,9.6,79,NA,280,0.21,NA,76.1,0.234,5750,1.11,6.83,7.6,7.1,1.45,0.03,3.2,7.3,22.85
"EL1.9EC","Ellerbe Creek","EL",1.9,"Neuse (North)",2025-02-11,"Feb",2025,"Before",0.52,2,0.0945,18200,0.068,416,2.285,9.2,83,142,440,0.31,NA,66.1,0.3695,5010,0.71,7.33,7.5,10.4,1.85,0.05,3.5,7.1,13.3
"EL1.9EC","Ellerbe Creek","EL",1.9,"Neuse (North)",2025-03-11,"Mar",2025,"Before",0.04,2,0.069,20800,0.068,405,2.575,9,83,37.4,105,0.28,NA,77.4,0.218,6170,1,6.79,7.5,11.1,0.63,0.02,3.1,6.2,11.8
"EL1.9EC","Ellerbe Creek","EL",1.9,"Neuse (North)",2025-04-08,"Apr",2025,"Before",1.12,4.7,0.069,13000,0.748,186,6.055,8,82,8455,55000,0.15,NA,45.1,1.696,3070,0.26,11.65,7.2,16.1,2.24,0.2,36.8,51.7,11.98
"EL1.9EC","Ellerbe Creek","EL",1.9,"Neuse (North)",2025-06-10,"Jun",2025,"Before",0.04,2,0.069,20100,0.1315,420,2.94,6.2,73,124,281,0.42,NA,68.7,0.2145,4510,0.79,7.06,7.5,23,1.28,0.33,2.9,34.1,19
"EL1.9EC","Ellerbe Creek","EL",1.9,"Neuse (North)",2025-07-08,"Jul",2025,NA,0.12,2,0.069,14400,0.9185,252,4.24,4.3,52,NA,8600,0.25,NA,49,0.748,3140,0.87,9.92,7.3,25.5,1.2,0.34,16.2,43.3,11.635
"EL1.9EC","Ellerbe Creek","EL",1.9,"Neuse (North)",2025-08-12,"Aug",2025,"After",0.03,3,0.069,12700,0.71,217,5.79,7.1,85,6490,20000,0.17,NA,43.7,1.701,2910,1.84,8.58,7.2,24.3,1.04,0.2,21.6,44.8,15.45
"EL1.9EC","Ellerbe Creek","EL",1.9,"Neuse (North)",2025-09-09,"Sep",2025,"After",0.03,2.8,0.069,18900,0.068,496,3.07,7.1,80,NA,760,0.48,NA,63.3,0.132,3930,0.84,7.46,7.7,20.7,0.93,0.12,2.5,4.1,18.9
"EL1.9EC","Ellerbe Creek","EL",1.9,"Neuse (North)",2025-10-14,"Oct",2025,"After",0.03,2,0.069,20800,0.068,463,1.625,6.8,75,NA,387,0.5,NA,67.7,0.1185,3850,1.04,NA,7.8,19.4,1.29,0.15,2.5,2.1,11.5
"EL1.9EC","Ellerbe Creek","EL",1.9,"Neuse (North)",2025-11-04,"Nov",2025,"After",0.03,2,0.069,16000,0.074,353,1.585,7.9,78,NA,427,0.38,NA,50.3,0.1695,2540,2.33,7.05,7.5,15.1,1.02,0.06,2.7,5.3,10.75
"EL1.9EC","Ellerbe Creek","EL",1.9,"Neuse (North)",2025-12-02,"Dec",2025,"After",0.03,6.6,0.069,17300,1.043,450,3.995,7.8,72,NA,3250,0.47,NA,62.5,2.785,4700,0.67,7.18,7.5,12.1,1.07,0.36,93.5,54.7,29.5
"EL5.5GC","Ellerbe Creek","EL",5.5,"Neuse (North)",2025-01-14,"Jan",2025,"Before",0.06,2,0.069,26500,0.068,377,3.265,12.8,93,NA,334,0.07,NA,95,0.5165,7010,0.24,NA,7.6,2.2,0.54,0.05,7,16,14.05
"EL5.5GC","Ellerbe Creek","EL",5.5,"Neuse (North)",2025-02-11,"Feb",2025,"Before",0.03,2.1,0.069,34500,0.188,384,3.785,10.8,90,NA,880,0.04,NA,106,0.897,4830,0.06,NA,7.4,7.3,0.63,0.05,11.8,25.7,9.695
"EL5.5GC","Ellerbe Creek","EL",5.5,"Neuse (North)",2025-03-11,"Mar",2025,"Before",0.07,2,0.069,29800,0.238,355,2.735,10.2,85,NA,200,0.12,NA,106,0.4605,7730,0.22,NA,7.6,8.4,0.75,0.05,12.9,38.9,6.63
"EL5.5GC","Ellerbe Creek","EL",5.5,"Neuse (North)",2025-04-08,"Apr",2025,"Before",0.03,3.3,0.069,14400,0.9965,149,9.275,9,89,NA,38500,0.095,NA,47.9,2.315,2920,0.23,NA,7.2,15.3,0.935,0.285,33.1,58.2,13.525
"EL5.5GC","Ellerbe Creek","EL",5.5,"Neuse (North)",2025-06-10,"Jun",2025,"Before",0.1,2.9,0.069,18300,0.411,200,3.94,5.4,64,NA,1070,0.14,NA,62.7,0.8155,4140,0.26,NA,7.3,23.2,0.69,0.16,11.9,15.9,6.78
"EL5.5GC","Ellerbe Creek","EL",5.5,"Neuse (North)",2025-07-08,"Jul",2025,NA,0.05,2,0.069,17200,0.805,172,5.53,5.9,72,NA,3400,0.14,NA,55.7,0.837,3120,0.35,NA,7.2,25.2,0.69,0.16,12.6,29.9,5.615
"EL5.5GC","Ellerbe Creek","EL",5.5,"Neuse (North)",2025-08-12,"Aug",2025,"After",0.03,3.6,0.069,16300,0.6065,134,8.945,7.6,89,NA,42000,0.1,NA,51.1,2.3345,2520,0.43,NA,7.2,23.6,0.92,0.3,29.5,54.4,12.98
"EL5.5GC","Ellerbe Creek","EL",5.5,"Neuse (North)",2025-09-09,"Sep",2025,"After",0.04,3.5,0.069,25600,0.068,261,3.87,5.5,59,NA,560,0.2,NA,85.1,0.297,5170,0.13,NA,7.3,17.9,0.77,0.09,2.8,4.7,4.13
"EL5.5GC","Ellerbe Creek","EL",5.5,"Neuse (North)",2025-10-14,"Oct",2025,"After",0.04,2,0.069,22000,0.068,223,1.405,5.8,60,NA,296,0.18,NA,73.6,0.286,4530,0.09,NA,7.4,16.5,0.63,0.24,2.5,4.8,2.68
"EL5.5GC","Ellerbe Creek","EL",5.5,"Neuse (North)",2025-11-04,"Nov",2025,"After",0.12,2,0.069,11800,0.4085,143,3.515,8.2,75,NA,1400,0.1,NA,37.8,0.682,2030,0.17,NA,7.3,11.5,0.86,0.09,6.4,20.4,8.55
"EL5.5GC","Ellerbe Creek","EL",5.5,"Neuse (North)",2025-12-02,"Dec",2025,"After",0.05,7.1,0.0765,17350,1.55275,211,6.0075,10.3,84,NA,6850,0.19,NA,62.3,5.412,4585,0.15,NA,7.3,6.7,0.565,0.525,141.5,165,26.8425
"EL7.1EC","Ellerbe Creek","EL",7.1,"Neuse (North)",2025-01-14,"Jan",2025,"Before",0.11,2,0.069,21200,0.166,374,2.86,12.4,91,NA,2600,0.05,NA,79.6,0.2755,6450,0.22,5.6,7.7,2.4,0.57,0.07,6.1,23.6,12.75
"EL7.1EC","Ellerbe Creek","EL",7.1,"Neuse (North)",2025-02-11,"Feb",2025,"Before",0.03,2,0.069,18700,0.0785,363,3.39,10.3,85,NA,373,0.04,NA,68.4,0.33,5280,0.04,NA,7.5,7.2,0.48,0.08,3.8,10.6,11.565
"EL7.1EC","Ellerbe Creek","EL",7.1,"Neuse (North)",2025-03-11,"Mar",2025,"Before",0.03,2,0.1675,19700,0.23975,288,2.605,9.9,86,NA,145.5,0.1,NA,75.55,0.32975,6400,0.05,4.54,7.4,9.1,0.335,0.025,3.3,13.4,8.1175
"EL7.1EC","Ellerbe Creek","EL",7.1,"Neuse (North)",2025-04-08,"Apr",2025,"Before",0.03,4,0.069,12000,0.962,158,6.085,8.1,82,NA,39000,0.09,NA,41.7,0.797,2850,0.1,11.2,7.3,16.2,0.98,0.18,19.4,36,11.1
"EL7.1EC","Ellerbe Creek","EL",7.1,"Neuse (North)",2025-06-10,"Jun",2025,"Before",0.07,2,0.069,14900,0.651,190,2.955,5.2,61,NA,1230,0.14,NA,54.1,0.2775,4110,0.25,7.54,7.5,23.4,0.69,0.13,2.8,8.7,5.495
"EL7.1EC","Ellerbe Creek","EL",7.1,"Neuse (North)",2025-07-08,"Jul",2025,NA,0.04,2,0.2515,8720,1.14,104,4.71,6.2,76,NA,8000,0.12,NA,31.6,1.1765,2380,0.23,10.2,7.2,25.6,0.86,0.24,31.1,111,8.39
"EL7.1EC","Ellerbe Creek","EL",7.1,"Neuse (North)",2025-08-12,"Aug",2025,"After",0.03,2.9,0.069,9530,1.064,104,5.33,7.3,87,NA,6000,0.08,NA,38.5,0.998,3560,0.2,4.1,7.1,23.7,0.64,0.16,20.4,58.3,10.19
"EL7.1EC","Ellerbe Creek","EL",7.1,"Neuse (North)",2025-09-09,"Sep",2025,"After",0.03,2.3,0.069,18500,0.068,211,2.55,5.4,60,NA,560,0.12,NA,71.9,0.1315,6260,0.06,6.56,7.5,18.5,0.44,0.23,2.5,2.8,3.425
"EL7.1EC","Ellerbe Creek","EL",7.1,"Neuse (North)",2025-10-14,"Oct",2025,"After",0.03,2,0.069,17600,0.068,197,1.215,5.1,53,NA,173,0.14,NA,83.1,0.1135,9510,0.04,6.61,7.3,16.7,0.46,0.07,2.5,2.3,2.68
"EL7.1EC","Ellerbe Creek","EL",7.1,"Neuse (North)",2025-11-04,"Nov",2025,"After",0.03,2,0.069,8025,0.39475,122,2.0225,7.6,70,NA,488.5,0.1,NA,27.95,0.2275,1920,0.04,6.7,7.2,11.5,0.495,0.04,4,9.4,4.2
"EL7.1EC","Ellerbe Creek","EL",7.1,"Neuse (North)",2025-12-02,"Dec",2025,"After",0.04,7.3,0.069,16800,0.226,236,2.325,10,82,NA,4650,0.11,NA,70.3,0.526,6880,0.04,9.49,7.2,6.2,0.45,0.25,14.9,14.6,6.41
"EL7.1SEC","Ellerbe Creek","EL",7.1,"Neuse (North)",2025-01-14,"Jan",2025,"Before",0.04,2,0.069,19600,0.068,542,4.365,11.9,89,NA,334,0.08,NA,85.6,0.4675,8870,0.47,NA,7.7,3.2,0.43,0.02,2.9,7.1,21.3
"EL7.1SEC","Ellerbe Creek","EL",7.1,"Neuse (North)",2025-02-11,"Feb",2025,"Before",0.04,2,0.069,22650,0.155,359,5.105,10,83,794,1090,0.055,NA,77.6,1.02825,5105,0.135,5.79,7.5,7.6,0.515,0.07,7.35,10.8,21.925
"EL7.1SEC","Ellerbe Creek","EL",7.1,"Neuse (North)",2025-03-11,"Mar",2025,"Before",0.03,2,0.069,44000,0.074,515,3.42,9.8,84,216,440,0.14,NA,157,0.3935,11600,0.54,NA,7.7,9.1,0.46,0.02,5.7,1.01,14.25
"EL7.1SEC","Ellerbe Creek","EL",7.1,"Neuse (North)",2025-04-08,"Apr",2025,"Before",0.03,3.4,0.138,17000,0.6795,171,8.8,8.4,83,6490,85000,0.09,NA,55.6,1.9885,3170,0.39,NA,7.4,15.2,0.8,0.15,11.3,19.3,18.65
"EL7.1SEC","Ellerbe Creek","EL",7.1,"Neuse (North)",2025-06-10,"Jun",2025,"Before",0.08,2,0.207,31000,0.4555,363,3.395,5.2,61,271,5000,0.17,NA,108,0.587,7430,0.46,NA,7.5,22.9,0.49,0.16,6.5,8.2,6.03
"EL7.1SEC","Ellerbe Creek","EL",7.1,"Neuse (North)",2025-07-08,"Jul",2025,NA,0.04,2,0.069,25700,0.7975,266,7.65,5.7,69,1160,13000,0.17,NA,82.3,1.205,4380,0.8,NA,7.4,25.2,0.58,0.13,9.1,16,12.355
"EL7.1SEC","Ellerbe Creek","EL",7.1,"Neuse (North)",2025-08-12,"Aug",2025,"After",0.03,3.5,0.069,17100,0.5165,152,10.005,6.1,75,3110,29000,0.1,NA,55,2.075,2970,0.46,NA,7.3,23.6,0.86,0.18,13.1,26.7,17.25
"EL7.1SEC","Ellerbe Creek","EL",7.1,"Neuse (North)",2025-09-09,"Sep",2025,"After",0.06,3.9,0.069,28600,0.068,279,5.51,4.5,50,NA,1080,0.15,NA,97.8,0.4225,6420,0.17,NA,7.5,18.2,0.69,0.1,4.5,6.4,7.425
"EL7.1SEC","Ellerbe Creek","EL",7.1,"Neuse (North)",2025-10-14,"Oct",2025,"After",0.04,2,0.069,19000,0.068,197,4.335,5.3,54,NA,830,0.16,NA,63.9,0.4855,3995,0.11,NA,7.3,16.8,0.555,0.105,3.05,5.5,6.695
"EL7.1SEC","Ellerbe Creek","EL",7.1,"Neuse (North)",2025-11-04,"Nov",2025,"After",0.03,2,0.069,11700,0.3545,143,4.965,7,66,NA,500,0.16,NA,37.4,0.654,2000,0.16,NA,7.5,12.3,0.51,0.1,4.3,7.5,19.5
"EL7.1SEC","Ellerbe Creek","EL",7.1,"Neuse (North)",2025-12-02,"Dec",2025,"After",0.05,11,0.086,4000,1.5775,50,10.26,10.8,90,NA,6000,0.07,NA,14.4,7.26,1060,0.19,NA,7.4,7.1,0.47,0.48,58.2,88.9,65.75
"EL8.6SECUT","Ellerbe Creek","EL",8.6,"Neuse (North)",2025-01-14,"Jan",2025,"Before",0.09,2.5,0.069,48200,0.132,1082,7.825,9.9,82,NA,1120,0.275,NA,166,0.1805,11000,0.735,NA,7.8,7.1,0.53,0.185,6.6,5.6,103.025
"EL8.6SECUT","Ellerbe Creek","EL",8.6,"Neuse (North)",2025-02-11,"Feb",2025,"Before",0.16,2.5,0.069,47400,1.954,707,65.94,10.2,90,124,1040,0.34,NA,161,0.854,10400,0.02,NA,7.7,9.5,0.66,0.25,4.3,5.6,118.5
"EL8.6SECUT","Ellerbe Creek","EL",8.6,"Neuse (North)",2025-03-11,"Mar",2025,"Before",0.07,2,0.069,46900,0.373,672,4.07,10,89,31.6,59,0.35,NA,167,0.246,12000,0.83,NA,7.8,10.5,0.32,0.15,3.2,4.4,88.65
"EL8.6SECUT","Ellerbe Creek","EL",8.6,"Neuse (North)",2025-04-08,"Apr",2025,"Before",0.1,2.2,0.069,35000,0.365,429,14.45,8.1,82,1030,7000,0.14,NA,113,1.4,6350,0.9,NA,7.6,15.8,0.77,0.22,3.9,5.9,45.8
"EL8.6SECUT","Ellerbe Creek","EL",8.6,"Neuse (North)",2025-06-10,"Jun",2025,"Before",0.29,2,0.069,11800,0.6215,280,4.215,8.1,92,4,11,0.58,NA,43.5,0.094,3440,0.32,NA,7.5,21.1,0.61,0.4,2.5,0.6,258.5
"EL8.6SECUT","Ellerbe Creek","EL",8.6,"Neuse (North)",2025-07-08,"Jul",2025,NA,0.08,2,0.069,39200,0.9085,582,8.175,7.2,85,1540,12600,0.64,NA,135,0.231,9010,1.36,NA,7.7,23.4,0.55,0.37,2.5,2.1,38.9
"EL8.6SECUT","Ellerbe Creek","EL",8.6,"Neuse (North)",2025-08-12,"Aug",2025,"After",0.05,3,0.069,32500,0.07,400,10.105,7.8,93,1630,7800,0.36,NA,107,0.481,6340,0.92,NA,7.6,23.8,0.65,0.36,2.5,2.6,112
"EL8.6SECUT","Ellerbe Creek","EL",8.6,"Neuse (North)",2025-09-09,"Sep",2025,"After",0.09,5.75,0.0735,40450,0.824,500,14.0225,7.2,79,NA,6420,0.49,NA,141.5,2.633,9865,0.94,NA,7.7,19.6,1.825,0.585,26.3,32.8,319.75
"EL8.6SECUT","Ellerbe Creek","EL",8.6,"Neuse (North)",2025-10-14,"Oct",2025,"After",0.22,2,0.069,11000,0.068,269,2.485,7.9,87,NA,3,0.64,NA,39.7,0.086,2990,0.4,NA,7.5,19.6,0.72,0.43,2.5,1.1,299
"EL8.6SECUT","Ellerbe Creek","EL",8.6,"Neuse (North)",2025-11-04,"Nov",2025,"After",0.06,2,0.069,31100,0.1465,450,5.15,8.4,83,NA,176,0.46,NA,107,0.2645,7170,1.03,NA,7.5,14.8,0.63,0.32,2.5,2,154.5
"EL8.6SECUT","Ellerbe Creek","EL",8.6,"Neuse (North)",2025-12-02,"Dec",2025,"After",0.08,2.5,0.069,4590,0.1405,50,5.58,11.7,97,NA,17900,0.06,NA,15.5,0.8185,970,0.26,NA,7,7.2,0.42,0.22,8.2,10.6,56.95
"EN10.3WC","Eno River","EN",10.3,"Neuse (North)",2025-01-07,"Jan",2025,"Before",0.03,2,0.069,8170,0.6765,120,3.44,11,82,NA,2300,0.04,NA,40.8,0.525,4940,0.29,NA,7.3,3,NA,0.08,10.8,35.4,4.215
"EN10.3WC","Eno River","EN",10.3,"Neuse (North)",2025-02-04,"Feb",2025,"Before",0.03,2,0.069,18350,0.318,256,1.855,8.8,75,NA,NA,0.03,NA,75.5,0.30725,7195,0.02,NA,7.2,8.2,0.36,0.07,11.6,19.7,3.1
"EN10.3WC","Eno River","EN",10.3,"Neuse (North)",2025-03-04,"Mar",2025,"Before",0.03,2,0.069,25400,0.2565,352,1.595,10.6,84,NA,210,0.03,NA,116,0.0985,12800,0.02,NA,7.5,5.4,0.21,0.08,3.7,7.1,2.68
"EN10.3WC","Eno River","EN",10.3,"Neuse (North)",2025-04-01,"Apr",2025,"Before",0.03,6.3,0.069,22700,0.2195,275,3.665,4.8,48,NA,7000,0.11,NA,103,0.176,11300,0.09,NA,7.2,16.1,0.68,0.13,7.8,10.6,4.585
"EN10.3WC","Eno River","EN",10.3,"Neuse (North)",2025-06-03,"Jun",2025,"Before",0.13,2,0.069,13900,0.2055,179,2.49,5.4,56,NA,2000,0.1,NA,63.7,0.175,7020,0.33,NA,7.2,16.8,0.72,0.1,4.5,9,2.805
"EN10.3WC","Eno River","EN",10.3,"Neuse (North)",2025-07-01,"Jul",2025,"Before",0.11,2,0.069,12900,0.513,150,2.61,4.5,55,NA,1350,0.09,NA,54.5,0.3195,5420,0.21,NA,7.2,25.3,0.73,0.12,7.2,12.5,2.7
"EN10.3WC","Eno River","EN",10.3,"Neuse (North)",2025-08-05,"Aug",2025,"After",0.03,2.4,0.069,16400,0.0885,174,2.34,5.4,62,NA,361,0.08,NA,71.4,0.1435,7380,0.07,NA,7.4,22.1,NA,0.04,4.2,6.4,2.68
"EN10.3WC","Eno River","EN",10.3,"Neuse (North)",2025-09-02,"Sep",2025,"After",0.03,2,0.069,23800,0.068,252,1.415,4.7,50,NA,460,0.09,NA,103,0.093,10700,0.06,NA,7.4,18.9,0.34,0.17,2.5,3.7,2.68
"EN10.3WC","Eno River","EN",10.3,"Neuse (North)",2025-10-07,"Oct",2025,"After",0.03,2,0.07875,18750,0.068,180,0.23275,3,31,NA,295,0.08,NA,79.35,0.1705,7895,0.04,NA,7.1,17.6,0.56,0.095,8.75,6.6,2.68
"EN10.3WC","Eno River","EN",10.3,"Neuse (North)",2025-11-03,"Nov",2025,"After",0.03,2,0.069,12500,0.1585,140,2.08,8,76,NA,3700,0.07,NA,54,0.169,5550,0.1,NA,7.1,12.6,0.53,0.07,6.4,12.5,2.68
"EN10.3WC","Eno River","EN",10.3,"Neuse (North)",2025-12-01,"Dec",2025,"After",0.03,2,0.069,20400,0.1095,239,1.175,NA,NA,NA,213,0.09,NA,91.7,0.1285,9880,0.04,NA,7.5,5.3,0.47,0.13,7.1,9.1,2.68
"EN13.3ER","Eno River","EN",13.3,"Neuse (North)",2025-01-07,"Jan",2025,"Before",0.035,2,0.069,9010,0.068,111,0.73375,13,95,NA,197.5,0.055,NA,35.8,0.1295,3230,0.26,NA,7.8,2.5,NA,0.02,2.5,6.8,2.68
"EN13.3ER","Eno River","EN",13.3,"Neuse (North)",2025-02-04,"Feb",2025,"Before",0.03,2,0.069,7920,0.068,126,0.591,11.1,96,NA,NA,0.03,NA,32,0.1905,2970,0.11,NA,7.5,8.9,0.31,0.1,4,12.7,2.68
"EN13.3ER","Eno River","EN",13.3,"Neuse (North)",2025-03-04,"Mar",2025,"Before",0.03,2,0.069,7130,0.068,107,0.8225,11.7,96,NA,13,0.05,NA,28.5,0.105,2600,0.26,NA,7.6,7.1,0.23,0.07,2.5,5.5,2.68
"EN13.3ER","Eno River","EN",13.3,"Neuse (North)",2025-04-01,"Apr",2025,"Before",0.03,2.2,0.069,8820,0.068,117,1.1,7.5,81,NA,34,0.1,NA,35.3,0.118,3230,0.11,NA,7.4,18.5,0.29,0.11,3,14.1,2.68
"EN13.3ER","Eno River","EN",13.3,"Neuse (North)",2025-06-03,"Jun",2025,"Before",0.03,2,0.069,6860,0.177,86,1.255,8.2,88,NA,480,0.08,NA,27.6,0.1855,2560,0.23,NA,7.4,19,0.39,0.08,6.4,12,2.68
"EN13.3ER","Eno River","EN",13.3,"Neuse (North)",2025-07-01,"Jul",2025,"Before",0.04,2,0.069,8530,0.081,132,1.415,5.6,72,NA,260,0.11,NA,33.8,0.118,3050,0.22,NA,7.5,28.2,0.41,0.04,3.6,4,2.68
"EN13.3ER","Eno River","EN",13.3,"Neuse (North)",2025-08-05,"Aug",2025,"After",0.03,2,0.069,93500,0.068,124,1.655,6.7,80,NA,194,0.09,NA,247,0.1165,3260,0.25,NA,7.2,24.1,NA,0.03,2.6,5,2.68
"EN13.3ER","Eno River","EN",13.3,"Neuse (North)",2025-09-02,"Sep",2025,"After",0.03,2,0.069,9990,0.068,122,1.04225,7.5,83,NA,80.5,0.085,NA,38.35,0.14,3250,0.225,NA,7.5,20.7,0.26,0.02,2.5,2.9,2.68
"EN13.3ER","Eno River","EN",13.3,"Neuse (North)",2025-10-07,"Oct",2025,"After",0.03,2,0.069,11600,0.068,135,0.154,6.2,68,NA,213,0.09,NA,43.4,0.1,3470,0.06,NA,7.5,19,0.25,0.05,3.1,3,2.68
"EN13.3ER","Eno River","EN",13.3,"Neuse (North)",2025-11-03,"Nov",2025,"After",0.03,2,0.069,9030,0.068,119,0.154,10.2,96,NA,125,0.08,NA,35.5,0.0945,3140,0.15,NA,7.4,12.4,0.34,0.02,2.5,3.1,2.68
"EN13.3ER","Eno River","EN",13.3,"Neuse (North)",2025-12-01,"Dec",2025,"After",0.04,2,0.069,9380,0.068,145,0.952,NA,NA,NA,120,0.12,NA,39.9,0.1065,3990,0.04,NA,7.7,6.2,0.34,0.03,2.5,1.5,2.68
"EN4.9ER","Eno River","EN",4.9,"Neuse (North)",2025-01-07,"Jan",2025,"Before",0.03,2,0.069,6330,0.1735,109,1.38,12.3,91,NA,667,0.04,NA,29.5,0.2075,3320,0.24,NA,8,2.7,NA,0.02,6.6,15.5,2.68
"EN4.9ER","Eno River","EN",4.9,"Neuse (North)",2025-02-04,"Feb",2025,"Before",0.03,2,0.069,8380,0.068,150,0.5395,11.2,98,NA,NA,0.03,NA,36.1,0.1475,3680,0.1,NA,7.5,8.8,0.32,0.11,4.8,9.6,2.68
"EN4.9ER","Eno River","EN",4.9,"Neuse (North)",2025-03-04,"Mar",2025,"Before",0.03,2,0.069,8820,0.068,116,0.859,11.6,96,NA,40,0.03,NA,35.5,0.1015,3270,0.26,NA,7.6,7.2,0.4,0.08,2.5,5.2,2.68
"EN4.9ER","Eno River","EN",4.9,"Neuse (North)",2025-04-01,"Apr",2025,"Before",0.03,2.4,0.069,10400,0.068,138,1.295,7,75,NA,143,0.1,NA,42.6,0.135,4060,0.08,NA,7.4,18.5,0.42,0.09,5,7.5,2.68
"EN4.9ER","Eno River","EN",4.9,"Neuse (North)",2025-06-03,"Jun",2025,"Before",0.03,2,0.069,7400,0.131,90,1.4,7.6,83,NA,500,0.81,NA,30,0.216,2800,0.19,NA,7.4,19.9,0.37,0.09,10,19.4,2.68
"EN4.9ER","Eno River","EN",4.9,"Neuse (North)",2025-07-01,"Jul",2025,"Before",0.05,2,0.069,11500,0.345,137,1.785,5.2,67,NA,300,0.1,NA,43.5,0.184,3600,0.17,NA,7.3,28.3,0.46,0.05,8.6,98,2.68
"EN4.9ER","Eno River","EN",4.9,"Neuse (North)",2025-08-05,"Aug",2025,"After",0.03,2,0.069,9910,0.068,119,1.365,6.7,80,NA,194,0.09,NA,40.6,0.1535,3850,0.21,NA,7.4,24.3,NA,0.03,4.1,9.2,2.68
"EN4.9ER","Eno River","EN",4.9,"Neuse (North)",2025-09-02,"Sep",2025,"After",0.03,2,0.069,11000,0.068,133,1.15,7.8,88,NA,137,0.09,NA,43.3,0.124,3880,0.11,NA,7.6,21.5,0.27,0.02,2.5,4.8,2.68
"EN4.9ER","Eno River","EN",4.9,"Neuse (North)",2025-10-07,"Oct",2025,"After",0.03,2,0.069,10900,0.068,128,0.154,7.6,83,NA,373,0.09,NA,42.7,0.1085,3760,0.05,NA,7.6,19.6,0.28,0.05,3.9,4.2,2.68
"EN4.9ER","Eno River","EN",4.9,"Neuse (North)",2025-11-03,"Nov",2025,"After",0.03,2,0.2915,9750,0.316,131,0.154,9.9,93,NA,529,0.09,NA,39.2,0.341,3610,0.13,NA,7.5,12.4,0.33,0.02,3.4,7,2.68
"EN4.9ER","Eno River","EN",4.9,"Neuse (North)",2025-12-01,"Dec",2025,"After",0.04,2,0.069,10000,0.068,153,1.004,NA,NA,NA,105,0.11,NA,59.7,0.086,8430,0.04,NA,7.8,6.9,0.32,0.05,2.5,1.8,2.68
"EN8.9ER","Eno River","EN",8.9,"Neuse (North)",2025-01-07,"Jan",2025,"Before",0.03,2,0.069,6280,0.07,111,1.115,13,96,NA,540,0.05,NA,28.4,0.189,3080,0.22,3.925,7.8,2.6,NA,0.02,4.3,12.3,2.68
"EN8.9ER","Eno River","EN",8.9,"Neuse (North)",2025-02-04,"Feb",2025,"Before",0.03,2,0.069,8330,0.068,140,0.578,11.2,97,NA,NA,0.03,NA,35.2,0.1675,3480,0.12,4.25,7.6,8.7,0.31,0.12,4.1,10,2.68
"EN8.9ER","Eno River","EN",8.9,"Neuse (North)",2025-03-04,"Mar",2025,"Before",0.03,2,0.25375,7910,0.39275,111,1.21625,11.8,98,12.6,15.5,0.03,NA,32.65,0.30325,3125,0.265,2.74,7.7,7.6,0.22,0.06,2.55,5.7,2.68
"EN8.9ER","Eno River","EN",8.9,"Neuse (North)",2025-04-01,"Apr",2025,"Before",0.03,2.5,0.069,9720,0.068,126,1.205,7.2,78,80.8,157,0.1,NA,38.8,0.129,3520,0.09,3.62,7.6,18.9,0.33,0.09,4.4,4.8,2.68
"EN8.9ER","Eno River","EN",8.9,"Neuse (North)",2025-06-03,"Jun",2025,"Before",0.03,2,0.069,6840,0.1065,85,1.315,8.2,89,99.2,240,0.08,NA,27.5,0.2045,2530,0.2,5.71,7.5,19.7,0.41,0.08,8.4,14.1,2.68
"EN8.9ER","Eno River","EN",8.9,"Neuse (North)",2025-07-01,"Jul",2025,"Before",0.05,2,0.1075,10700,0.252,154,1.575,6.7,87,NA,533,0.11,NA,41.1,0.175,3500,0.18,3.83,7.7,28.9,0.42,0.04,2.8,4.2,2.68
"EN8.9ER","Eno River","EN",8.9,"Neuse (North)",2025-08-05,"Aug",2025,"After",0.03,2,0.3535,9550,0.0835,119,1.455,7.5,90,63,269,0.08,NA,36.5,0.3365,3080,0.2,3.47,7.7,24.3,NA,0.02,3.4,5.5,2.68
"EN8.9ER","Eno River","EN",8.9,"Neuse (North)",2025-09-02,"Sep",2025,"After",0.03,2,0.069,11200,0.068,129,1.29,8.5,97,NA,69,0.09,NA,42.6,0.1235,3560,0.14,3.09,7.7,21.9,0.29,0.03,3.2,3.5,2.68
"EN8.9ER","Eno River","EN",8.9,"Neuse (North)",2025-10-07,"Oct",2025,"After",0.03,2,0.069,10800,0.068,121,0.154,8.8,96,NA,227,0.08,NA,41.1,0.107,3440,0.05,4.09,7.8,19.3,0.32,0.04,19.5,5.3,2.68
"EN8.9ER","Eno River","EN",8.9,"Neuse (North)",2025-11-03,"Nov",2025,"After",0.03,2,0.069,9455,0.068,123,0.154,11,102,NA,219,0.085,NA,35.7,0.09125,2940,0.18,4.085,7.7,11.9,0.35,0.025,2.5,3.2,2.68
"EN8.9ER","Eno River","EN",8.9,"Neuse (North)",2025-12-01,"Dec",2025,"After",0.03,2,0.069,10100,0.068,147,0.9575,NA,NA,NA,80,0.12,NA,43.1,0.086,4330,0.04,3.4,7.9,5.6,0.31,0.04,2.5,1.8,2.68
"LC1.1LC","Lick Creek","LC",1.1,"Neuse (North)",2025-01-14,"Jan",2025,"Before",0.05,2,0.069,17800,0.1435,235,2.475,12.8,90,NA,334,0.07,6,68.6,0.431,5890,0.16,NA,7.4,1.1,0.39,0.07,13.6,60.2,3.33
"LC1.1LC","Lick Creek","LC",1.1,"Neuse (North)",2025-02-11,"Feb",2025,"Before",0.03,2,0.069,22300,0.0785,273,2,11.8,96,NA,280,0.06,6.05,83.2,0.268,6660,0.02,NA,7.5,6.3,0.51,0.13,12.5,34,2.68
"LC1.1LC","Lick Creek","LC",1.1,"Neuse (North)",2025-03-11,"Mar",2025,"Before",0.03,2,0.069,16800,0.549,219,2.495,11,93,NA,166,0.16,5.03,63.6,0.668,5230,0.16,NA,7.5,8.5,0.36,0.22,42,117,7.27
"LC1.1LC","Lick Creek","LC",1.1,"Neuse (North)",2025-04-08,"Apr",2025,"Before",0.03,3.9,0.069,10400,2.509,105,9.985,7.8,78,NA,20000,0.12,6.6,36.7,2.6315,2620,0.09,NA,6.9,15.4,1.15,0.33,226,338,11.435
"LC1.1LC","Lick Creek","LC",1.1,"Neuse (North)",2025-06-10,"Jun",2025,"Before",0.045,2,0.069,18250,1.6595,193,4.29,7.3,85,NA,1680,0.2,NA,65.95,1.6655,4930,0.16,NA,7.6,23,0.465,0.645,119.5,360,8.215
"LC1.1LC","Lick Creek","LC",1.1,"Neuse (North)",2025-07-08,"Jul",2025,NA,0.04,2,0.069,17700,1.3305,188,4.26,6.7,82,NA,2160,0.21,4.9,62.8,1.1045,4500,0.26,NA,7.5,25.4,0.73,0.34,60.6,189,5.085
"LC1.1LC","Lick Creek","LC",1.1,"Neuse (North)",2025-08-12,"Aug",2025,"After",0.03,2.9,0.069,9270,2.552,104,8.25,7.5,88,NA,21000,0.12,5.7,33.7,3.015,2570,0.14,NA,7.2,23.3,0.5,1,30.2,579,12.24
"LC1.1LC","Lick Creek","LC",1.1,"Neuse (North)",2025-09-09,"Sep",2025,"After",0.04,2,0.069,37000,0.068,366,1.74,8.7,92,NA,700,0.16,NA,135,0.086,10300,0.07,NA,8,18,0.32,0.02,2.5,7.3,2.68
"LC1.1LC","Lick Creek","LC",1.1,"Neuse (North)",2025-10-14,"Oct",2025,"After",0.04,2,0.069,29200,0.068,295,0.8175,7.7,78,NA,256,0.18,NA,103,0.0925,7390,0.04,NA,7.8,16.4,0.57,0.04,2.5,6.5,2.68
"LC1.1LC","Lick Creek","LC",1.1,"Neuse (North)",2025-11-04,"Nov",2025,"After",0.03,2,0.069,14300,0.478,179,3.24,10.2,91,NA,840,0.13,NA,48.4,0.369,3090,0.06,NA,7.5,10.4,0.29,0.16,16.7,50.1,2.68
"LC1.1LC","Lick Creek","LC",1.1,"Neuse (North)",2025-12-02,"Dec",2025,"After",0.04,5.3,0.069,31800,0.112,331,1.195,10,81,NA,13500,0.14,NA,116,0.0865,8990,0.04,NA,7.6,6,0.36,0.03,5.3,8.8,2.68
"LC2.0RBC","Lick Creek","LC",2,"Neuse (North)",2025-01-14,"Jan",2025,"Before",0.04,2.4,0.069,16200,0.068,187,1.1545,12.7,90,NA,56,0.04,NA,62,0.145,5230,0.06,NA,7.3,1.4,0.46,0.02,6.6,12.7,2.68
"LC2.0RBC","Lick Creek","LC",2,"Neuse (North)",2025-02-11,"Feb",2025,"Before",0.03,2,0.3795,19400,0.2295,220,0.826,10.5,86,NA,74,0.03,NA,71.1,0.558,5480,0.02,NA,7.2,6.6,0.68,0.08,2.9,6.8,2.68
"LC2.0RBC","Lick Creek","LC",2,"Neuse (North)",2025-03-11,"Mar",2025,"Before",0.03,2,0.069,14000,0.173,170,1.075,10.2,87,NA,102,0.06,NA,51.4,0.1555,3960,0.04,NA,7.1,8.1,0.33,0.02,7.6,14.1,2.68
"LC2.0RBC","Lick Creek","LC",2,"Neuse (North)",2025-04-08,"Apr",2025,"Before",0.03,2,0.069,11400,0.316,119,2.63,8.1,82,NA,2000,0.09,NA,41.1,0.512,3070,0.06,NA,7.1,16,0.69,0.15,22.5,40.7,3.005
"LC2.0RBC","Lick Creek","LC",2,"Neuse (North)",2025-06-10,"Jun",2025,"Before",0.06,2,0.069,17000,0.377,186,1.055,6.6,76,NA,2600,0.12,NA,59.1,0.104,4070,0.09,NA,7.2,22.7,0.64,0.06,7.8,9.6,2.68
"LC2.0RBC","Lick Creek","LC",2,"Neuse (North)",2025-07-08,"Jul",2025,NA,0.045,2,0.069,19350,0.3635,209,1.178,5.1,62,NA,3355,0.145,NA,66.45,0.2485,4385,0.18,NA,7.2,25.1,1.175,0.43,9.2,21,3.335
"LC2.0RBC","Lick Creek","LC",2,"Neuse (North)",2025-08-12,"Aug",2025,"After",0.03,3,0.069,13100,0.481,134,3.14,6.9,82,NA,3470,0.08,NA,45.1,0.468,2970,0.08,NA,7.1,23.8,0.99,0.12,17.2,36.7,3.435
"LC2.0RBC","Lick Creek","LC",2,"Neuse (North)",2025-11-04,"Nov",2025,"After",0.03,2,0.069,11800,0.068,163,0.158,6.9,60,NA,176,0.09,NA,40.5,0.086,2660,0.04,NA,7,9.9,0.42,0.03,3.1,4.2,2.68
"LC2.0RBC","Lick Creek","LC",2,"Neuse (North)",2025-12-02,"Dec",2025,"After",0.03,4.5,0.069,9910,0.068,158,0.962,6.5,58,NA,1320,0.07,NA,37.6,0.177,3120,0.04,NA,7,6.5,0.41,0.12,11.1,17.7,2.68
"LL3.4LLC","Little Lick Creek","LL",3.4,"Neuse (North)",2025-01-07,"Jan",2025,"Before",0.1,2,0.069,14000,0.9255,149,4.94,11.7,87,NA,6670,0.07,NA,51.1,1.116,3950,0.33,NA,7.4,2.9,NA,0.15,12.1,61.6,6.4
"LL3.4LLC","Little Lick Creek","LL",3.4,"Neuse (North)",2025-02-04,"Feb",2025,"Before",0.03,2,0.069,17300,0.0985,238,3.27,10.6,94,NA,NA,0.04,NA,65.5,0.568,5430,0.02,NA,7.4,9.8,0.5,0.21,11.3,23,3.56
"LL3.4LLC","Little Lick Creek","LL",3.4,"Neuse (North)",2025-03-04,"Mar",2025,"Before",0.03,2,0.2895,24000,0.31,325,2.555,12.4,102,NA,340,0.03,NA,86.7,0.385,6490,0.02,NA,7.6,6.5,0.33,0.12,4.8,10.6,2.68
"LL3.4LLC","Little Lick Creek","LL",3.4,"Neuse (North)",2025-04-01,"Apr",2025,"Before",0.03,3.5,0.069,26900,0.068,299,2.64,6.9,71,NA,547,0.15,NA,98.1,0.206,7500,0.02,NA,7.4,16.8,0.6,0.14,8.4,10.8,2.68
"LL3.4LLC","Little Lick Creek","LL",3.4,"Neuse (North)",2025-06-03,"Jun",2025,"Before",0.08,2,0.069,13300,0.4555,128,3.24,6.5,66,NA,2000,0.15,NA,50.2,0.3675,4090,0.25,NA,7.2,16.9,0.56,0.13,63,16.1,3.245
"LL3.4LLC","Little Lick Creek","LL",3.4,"Neuse (North)",2025-07-01,"Jul",2025,"Before",0.06,2,0.069,16550,0.597,162,3.655,5.4,66,NA,2450,0.12,NA,57.3,0.69875,3875,0.24,NA,7.2,24.9,0.785,0.18,14.1,34,3.085
"LL3.4LLC","Little Lick Creek","LL",3.4,"Neuse (North)",2025-08-05,"Aug",2025,"After",0.04,2,0.069,16000,0.337,161,4.65,5.6,64,NA,1530,0.13,NA,55.9,0.5155,3840,0.12,NA,7.3,21.1,NA,0.16,8.9,25,2.78
"LL3.4LLC","Little Lick Creek","LL",3.4,"Neuse (North)",2025-09-02,"Sep",2025,"After",0.08,2.7,0.069,24500,0.068,234,2.87,2.5,27,NA,1000,0.12,NA,86.3,0.127,6120,0.12,NA,7.1,17.5,0.68,0.08,2.5,4.5,3
"LL3.4LLC","Little Lick Creek","LL",3.4,"Neuse (North)",2025-10-07,"Oct",2025,"After",0.03,2,0.069,21600,0.068,207,0.154,0.4,4,NA,1330,0.12,NA,77.6,0.1215,5730,0.04,NA,7,17.1,0.73,0.19,5.9,4.8,2.68
"LL3.4LLC","Little Lick Creek","LL",3.4,"Neuse (North)",2025-11-03,"Nov",2025,"After",0.03,3.1,0.069,11300,0.761,132,4.675,8.2,79,NA,6000,0.09,NA,41.2,1.013,3140,0.08,NA,7.4,13,0.49,0.02,65,56.7,5.41
"LL3.4LLC","Little Lick Creek","LL",3.4,"Neuse (North)",2025-12-01,"Dec",2025,"After",0.03,2,0.069,19100,0.068,197,1.36,NA,NA,NA,3900,0.13,NA,72.8,0.1775,6100,0.04,NA,7,6.4,0.65,0.2,4,7.7,2.68
"LL4.6LLT2","Little Lick Creek","LL",4.6,"Neuse (North)",2025-01-07,"Jan",2025,"Before",0.03,2,0.069,27600,0.7795,220,3.975,11.5,85,NA,4600,0.12,NA,91.8,0.631,5580,0.23,NA,7.7,2.5,NA,0.08,12,33.7,4.28
"LL4.6LLT2","Little Lick Creek","LL",4.6,"Neuse (North)",2025-02-04,"Feb",2025,"Before",0.03,2,0.069,31800,0.068,370,2.33,11.2,99,NA,NA,0.06,NA,112,0.2565,7920,0.02,NA,7.7,9.9,0.38,0.12,5.3,11.6,3.16
"LL4.6LLT2","Little Lick Creek","LL",4.6,"Neuse (North)",2025-03-04,"Mar",2025,"Before",0.03,2,0.069,33400,0.3685,454,2.395,12.7,104,NA,800,0.11,NA,125,0.106,10100,0.02,NA,7.8,6.9,0.25,0.09,3.1,7.6,2.79
"LL4.6LLT2","Little Lick Creek","LL",4.6,"Neuse (North)",2025-04-01,"Apr",2025,"Before",0.03,5.7,0.069,31600,0.29,372,4.545,6,62,NA,6290,0.15,NA,117,0.2035,9230,0.02,NA,7.4,16.1,0.67,0.14,7.8,11.6,3.115
"LL4.6LLT2","Little Lick Creek","LL",4.6,"Neuse (North)",2025-06-03,"Jun",2025,"Before",0.06,2,0.069,20800,0.672,233,2.85,7.6,79,NA,2170,0.15,NA,75.9,0.3135,5850,0.14,NA,7.4,17,0.56,0.11,100,15.6,2.935
"LL4.6LLT2","Little Lick Creek","LL",4.6,"Neuse (North)",2025-07-01,"Jul",2025,"Before",0.05,2,0.069,21200,1.136,224,4.86,5.8,70,NA,4300,0.16,NA,73.4,0.8705,4980,0.52,NA,7.3,24.9,0.77,0.33,37.2,96.8,4.565
"LL4.6LLT2","Little Lick Creek","LL",4.6,"Neuse (North)",2025-08-05,"Aug",2025,"After",0.04,2,0.069,28700,0.07725,251,2.7525,5.1,57,NA,2035,0.16,NA,90.6,0.208,4590,0.13,NA,7.4,20.8,NA,0.105,11.4,6.6,2.68
"LL4.6LLT2","Little Lick Creek","LL",4.6,"Neuse (North)",2025-09-02,"Sep",2025,"After",0.05,2,0.069,32100,0.068,321,1.7,5.2,55,NA,560,0.19,NA,115,0.0955,8390,0.11,NA,7.3,17.8,0.33,0.09,2.5,5.4,2.905
"LL4.6LLT2","Little Lick Creek","LL",4.6,"Neuse (North)",2025-10-07,"Oct",2025,"After",0.03,2,0.069,26100,0.068,248,0.215,0.9,10,NA,933,0.16,NA,92.9,0.098,6720,0.04,NA,7.2,17.5,0.63,0.25,3.6,3.4,2.68
"LL4.6LLT2","Little Lick Creek","LL",4.6,"Neuse (North)",2025-11-03,"Nov",2025,"After",0.03,2,0.069,16400,0.684,158,4.28,8.6,82,NA,8800,0.11,NA,56.7,0.648,3860,0.13,NA,7.4,13.1,0.82,0.17,22.5,47,4.055
"LL4.6LLT2","Little Lick Creek","LL",4.6,"Neuse (North)",2025-12-01,"Dec",2025,"After",0.03,2.8,0.069,32600,0.068,324,1.645,NA,NA,NA,975,0.14,NA,118,0.092,8950,0.04,NA,7.4,6.1,0.46,0.13,2.5,2.3,2.78
"LR9.6LR","Little River","LR",9.6,"Neuse (North)",2025-01-07,"Jan",2025,"Before",0.03,2,0.069,5990,0.068,101,0.745,13.2,95,NA,661,0.03,NA,28.4,0.141,3260,0.27,NA,7.8,2,NA,0.02,3.2,9.7,2.68
"LR9.6LR","Little River","LR",9.6,"Neuse (North)",2025-02-04,"Feb",2025,"Before",0.03,2,0.069,5930,0.068,89,0.872,11.4,98,NA,NA,0.03,NA,26.5,0.319,2840,0.16,NA,7.5,8.7,0.54,0.14,7.2,23,2.68
"LR9.6LR","Little River","LR",9.6,"Neuse (North)",2025-03-04,"Mar",2025,"Before",0.03,2,0.069,7740,0.068,93,0.7395,12.6,103,NA,28,0.03,NA,30.7,0.111,2760,0.32,NA,7.8,6.5,0.19,0.08,3.7,8.3,2.68
"LR9.6LR","Little River","LR",9.6,"Neuse (North)",2025-04-01,"Apr",2025,"Before",0.03,2.1,0.069,8060,0.068,101,0.7865,8.9,93,NA,118,0.08,NA,33.65,0.10175,3290,0.17,NA,7.7,17.6,0.32,0.085,2.75,4.8,2.68
"LR9.6LR","Little River","LR",9.6,"Neuse (North)",2025-06-03,"Jun",2025,"Before",0.03,2,0.069,6770,0.366,76.9,1.41,9.1,95,NA,590,0.08,NA,27.8,0.2445,2640,0.35,NA,7.3,17.2,0.42,0.08,7.8,19.4,2.68
"LR9.6LR","Little River","LR",9.6,"Neuse (North)",2025-07-01,"Jul",2025,"Before",0.03,2,0.069,6980,0.1505,86,1.465,6.4,79,NA,600,0.08,NA,27.7,0.1855,2480,0.34,NA,7.5,26.1,0.53,0.1,4.1,17.4,2.68
"LR9.6LR","Little River","LR",9.6,"Neuse (North)",2025-08-05,"Aug",2025,"After",0.03,2,0.069,8490,0.068,98,1.087,7,82,NA,222,0.07,NA,33.8,0.0995,3060,0.28,NA,7.6,22.7,NA,0.02,11.7,4,2.68
"LR9.6LR","Little River","LR",9.6,"Neuse (North)",2025-09-02,"Sep",2025,"After",0.03,2,0.069,10400,0.068,107,0.9965,9.7,107,NA,89,0.07,NA,41,0.0865,3640,0.33,NA,8.3,20.1,0.2,0.02,2.5,2.8,2.68
"LR9.6LR","Little River","LR",9.6,"Neuse (North)",2025-10-07,"Oct",2025,"After",0.03,2,0.069,10300,0.068,112,0.154,8.8,94,NA,187,0.07,NA,41.6,0.086,3820,0.04,NA,7.7,18.5,0.24,0.06,2.5,2.3,2.68
"LR9.6LR","Little River","LR",9.6,"Neuse (North)",2025-11-03,"Nov",2025,"After",0.03,2,0.2515,8400,0.068,104,0.154,10.7,101,NA,59,0.06,NA,35,0.253,3410,0.04,NA,7.6,12.4,0.28,0.04,2.5,2.6,2.68
"LR9.6LR","Little River","LR",9.6,"Neuse (North)",2025-12-01,"Dec",2025,"After",0.03,2,0.069,9270,0.068,116,0.96025,NA,NA,NA,117.5,0.08,NA,40.8,0.086,4295,0.04,NA,7.8,5.4,0.275,0.055,2.5,2.2,2.68
"NE0.0NE","Northeast Creek","NE",0,"Cape Fear (South)",2025-01-21,"Jan",2025,"Before",0.03,2,0.069,21600,0.068,262,3.415,13.2,92,NA,163,0.05,NA,84.1,0.192,7290,0.03,NA,7.7,0.8,0.45,0.02,5.1,12.2,2.71
"NE0.0NE","Northeast Creek","NE",0,"Cape Fear (South)",2025-02-18,"Feb",2025,"Before",0.03,2,0.069,16400,0.378,218,8.365,11,88,NA,170,0.03,NA,62.6,0.654,5290,0.02,NA,7.3,5.9,0.52,0.12,27.2,49.7,4.68
"NE0.0NE","Northeast Creek","NE",0,"Cape Fear (South)",2025-03-18,"Mar",2025,"Before",0.03,2.1,0.069,11100,0.577,298,7.685,8.7,82,NA,500,0.09,NA,52.2,0.491,5950,0.1,NA,7.5,12.5,0.67,0.02,23.3,26.5,4.035
"NE0.0NE","Northeast Creek","NE",0,"Cape Fear (South)",2025-05-20,"May",2025,"Before",0.08,2,0.069,22100,0.5915,229,4.135,4.7,53,NA,100,0.13,NA,80.8,0.2515,6230,0.1,NA,7.2,7.2,0.7,0.06,5.2,16.5,2.68
"NE0.0NE","Northeast Creek","NE",0,"Cape Fear (South)",2025-06-17,"Jun",2025,"Before",0.06,2,0.5225,17400,1.004,194,5.015,5.2,63,NA,920,0.12,NA,63,0.648,4770,0.19,NA,7.1,25.1,0.6,0.09,12.1,20.3,2.68
"NE0.0NE","Northeast Creek","NE",0,"Cape Fear (South)",2025-07-15,"Jul",2025,"After",0.03,3,0.069,10200,1.236,88.1,6.695,5,61,NA,20000,0.08,NA,34.5,0.868,2170,0.18,NA,6.8,25.7,0.81,0.22,82.7,187,5.865
"NE0.0NE","Northeast Creek","NE",0,"Cape Fear (South)",2025-08-19,"Aug",2025,"After",0.05,2,0.069,19050,0.068,215,4.075,3.8,46,NA,287,0.14,NA,72.55,0.2405,6085,0.1,NA,7.1,24.7,0.69,0.09,3.45,10.4,4.6075
"NE0.0NE","Northeast Creek","NE",0,"Cape Fear (South)",2025-09-16,"Sep",2025,"After",0.03,2,0.069,26800,0.068,313,2.28,1.2,13,NA,590,0.16,NA,98,0.127,7530,0.04,NA,7.2,19,0.52,0.06,2.9,3.9,2.68
"NE0.0NE","Northeast Creek","NE",0,"Cape Fear (South)",2025-10-21,"Oct",2025,"After",0.18,2,0.069,15500,0.166,223,5.04,4,41,NA,350,0.12,NA,60.9,0.501,5380,0.04,NA,7.2,15,0.72,0.06,27.5,29.7,7.57
"NE0.0NE","Northeast Creek","NE",0,"Cape Fear (South)",2025-11-12,"Nov",2025,"After",0.03,2,0.069,12000,0.174,170,3.195,6.3,55,NA,135,0.1,NA,49.4,0.2185,4690,0.04,NA,7,8.8,0.54,0.02,5.9,19.7,2.68
"NE0.0NE","Northeast Creek","NE",0,"Cape Fear (South)",2025-12-11,"Dec",2025,"After",0.04,2,0.069,11800,0.318,171,3.27,9.6,75,NA,427,0.08,NA,48.1,0.2655,4500,0.04,NA,7.1,5,0.38,0.08,8.3,21.7,2.68
"NE1.2NE","Northeast Creek","NE",1.2,"Cape Fear (South)",2025-01-21,"Jan",2025,"Before",0.03,2,0.069,27500,0.068,370,3.865,11.8,88,NA,112,0.06,NA,108,0.13,9560,0.05,NA,7.8,2.9,0.42,0.02,4.3,12.1,6.985
"NE1.2NE","Northeast Creek","NE",1.2,"Cape Fear (South)",2025-02-18,"Feb",2025,"Before",0.03,2,0.069,17900,0.32,233,9.76,11,88,NA,260,0.03,NA,68.9,0.4855,5910,0.02,NA,7.3,5.9,0.54,0.12,16.8,40.1,5.635
"NE1.2NE","Northeast Creek","NE",1.2,"Cape Fear (South)",2025-03-18,"Mar",2025,"Before",0.03,2.5,0.447,14800,0.7505,289,10.115,8.3,77,NA,1100,0.09,NA,63.3,0.8475,6380,0.17,NA,7.4,11.7,0.55,0.04,27.4,22.4,12.125
"NE1.2NE","Northeast Creek","NE",1.2,"Cape Fear (South)",2025-05-20,"May",2025,"Before",0.1,2,0.069,23600,0.3525,250,7.715,4.1,54,NA,460,0.12,NA,87.3,0.241,6890,0.16,NA,7.4,7.4,0.72,0.03,7.4,14,4.025
"NE1.2NE","Northeast Creek","NE",1.2,"Cape Fear (South)",2025-06-17,"Jun",2025,"Before",0.13,2,0.069,18100,0.34,220,7.38,4.6,55,NA,5000,0.13,NA,66.7,0.289,5250,0.26,NA,7.2,25.1,0.66,0.13,13.4,20.3,2.68
"NE1.2NE","Northeast Creek","NE",1.2,"Cape Fear (South)",2025-07-15,"Jul",2025,"After",0.04,4,0.069,9505,1.733,88.7,7.485,6.4,81,NA,38500,0.095,NA,33.05,1.3495,2270,0.2,NA,7,25.3,0.645,0.375,95.5,139,9.4175
"NE1.2NE","Northeast Creek","NE",1.2,"Cape Fear (South)",2025-08-19,"Aug",2025,"After",0.1,2,0.069,21300,0.086,231,5.75,2.5,31,NA,440,0.16,NA,81.1,0.2545,6790,0.21,NA,7.1,25.4,0.66,0.08,11.8,14.9,5.065
"NE1.2NE","Northeast Creek","NE",1.2,"Cape Fear (South)",2025-09-16,"Sep",2025,"After",0.07,2.3,0.069,25600,0.1845,287,2.74,2.5,28,NA,520,0.18,NA,96.4,0.287,7880,0.05,NA,7.3,20.4,0.55,0.08,15.7,17.4,3.03
"NE1.2NE","Northeast Creek","NE",1.2,"Cape Fear (South)",2025-10-21,"Oct",2025,"After",0.11,2,0.069,14400,0.068,184,4.02,2.1,21,NA,143,0.14,NA,76.7,0.3635,9870,0.04,NA,7.2,15.2,0.58,0.09,16.8,17.2,4.7
"NE1.2NE","Northeast Creek","NE",1.2,"Cape Fear (South)",2025-11-12,"Nov",2025,"After",0.03,2.5,0.0865,5450,0.068,190,4.81,1.8,15,NA,46,0.11,NA,35.8,0.189,5400,0.04,NA,6.9,9.5,0.42,0.04,5.3,7.2,2.985
"NE1.2NE","Northeast Creek","NE",1.2,"Cape Fear (South)",2025-12-11,"Dec",2025,"After",0.06,2,0.069,18200,0.1855,202,4.88,7.6,60,NA,137,0.11,NA,69.5,0.1995,5870,0.05,NA,7.1,5.1,0.62,0.05,4,10.9,2.79
"NE2.2NP","Northeast Creek","NE",2.2,"Cape Fear (South)",2025-01-21,"Jan",2025,"Before",0.03,2,0.069,23900,0.068,350,1.97,10.9,76,NA,112,0.03,0.72,99.9,0.113,9780,0.02,NA,7.4,0.6,0.38,0.02,2.6,7.3,3.26
"NE2.2NP","Northeast Creek","NE",2.2,"Cape Fear (South)",2025-02-18,"Feb",2025,"Before",0.03,2,0.069,15800,0.1015,183,2.81,9.8,76,NA,440,0.06,0.95,62.9,0.3835,5730,0.02,NA,7.4,4.4,0.53,0.07,10.8,25,4.63
"NE2.2NP","Northeast Creek","NE",2.2,"Cape Fear (South)",2025-03-18,"Mar",2025,"Before",0.03,2,0.6645,9470,0.694,402,4.54,8.9,80,NA,513,0.08,1,47.6,0.8525,5820,0.05,NA,7.5,10.5,0.65,0.02,11.9,20.9,4.17
"NE2.2NP","Northeast Creek","NE",2.2,"Cape Fear (South)",2025-05-20,"May",2025,"Before",0.34,2.5,0.069,23400,0.1395,247,1.66,2.8,31,NA,980,0.12,0.6,89.6,0.18,7590,0.13,NA,7.2,7.2,1.19,0.09,6.3,13.3,3.475
"NE2.2NP","Northeast Creek","NE",2.2,"Cape Fear (South)",2025-06-17,"Jun",2025,"Before",0.475,2.55,0.069,18850,0.7005,253,2.6075,3.7,44,NA,4045,0.13,1.85,69.35,0.23225,5420,0.415,NA,7.1,23.4,1.395,0.13,8.2,13.8,2.68
"NE2.2NP","Northeast Creek","NE",2.2,"Cape Fear (South)",2025-07-15,"Jul",2025,"After",0.04,4,0.069,7100,1.116,69.2,5.515,5.4,66,NA,57000,0.07,2.8,25.6,0.818,1910,0.22,NA,6.9,24.1,0.69,0.25,60,88.4,7.29
"NE2.2NP","Northeast Creek","NE",2.2,"Cape Fear (South)",2025-08-19,"Aug",2025,"After",0.14,2,0.069,20400,0.068,202,2.11,2.4,29,NA,460,0.1,0.6,103,0.1385,12700,0.18,NA,7.1,24.1,0.86,0.09,3.6,7.2,2.68
"NE2.2NP","Northeast Creek","NE",2.2,"Cape Fear (South)",2025-09-16,"Sep",2025,"After",0.1,2,0.0815,20700,0.068,206,1.105,1.6,18,NA,480,0.1,0.5,77.2,0.1445,6180,0.04,NA,7.1,19,0.7,0.08,2.5,5.3,2.68
"NE2.2NP","Northeast Creek","NE",2.2,"Cape Fear (South)",2025-10-21,"Oct",2025,"After",0.19,2,0.069,15400,0.068,180,1.082,1.6,15,NA,480,0.09,0.58,61.1,0.166,5530,0.04,NA,7.5,13.1,0.86,0.11,6,14.2,2.68
"NE2.2NP","Northeast Creek","NE",2.2,"Cape Fear (South)",2025-11-12,"Nov",2025,"After",0.03,4.2,0.069,12000,0.068,150,2.245,1.5,13,NA,270,0.08,0.8,50.2,0.246,4900,0.04,NA,7,8.3,1.47,0.09,7.4,12,5.3
"NE2.2NP","Northeast Creek","NE",2.2,"Cape Fear (South)",2025-12-11,"Dec",2025,"After",0.06,2,0.069,15700,0.214,184,2.95,6.3,50,NA,123,0.08,0.62,64.7,0.228,6170,0.04,NA,6.9,5.4,0.53,0.09,4.1,13.4,3.525
"NH0.0NHC","New Hope Creek","NH",0,"Cape Fear (South)",2025-01-28,"Jan",2025,"Before",0.05,2,0.069,22800,0.068,248,1.032,12.4,92,NA,110,0.05,NA,78.1,0.18,5130,0.04,NA,7.4,3.1,0.27,0.02,2.7,6.5,3.045
"NH0.0NHC","New Hope Creek","NH",0,"Cape Fear (South)",2025-02-25,"Feb",2025,"Before",0.04,2,0.069,12900,0.127,224,1.2275,11.4,92,NA,76,0.03,NA,49.9,0.743,4320,0.02,NA,7.3,6.2,0.26,0.11,5.3,10.9,5.24
"NH0.0NHC","New Hope Creek","NH",0,"Cape Fear (South)",2025-03-25,"Mar",2025,"Before",0.03,2,0.5115,11200,0.4765,169,2.02,9,84,NA,185,0.09,NA,45.5,0.459,4260,0.07,NA,7.4,12.3,0.34,0.02,4.9,10.6,3.36
"NH0.0NHC","New Hope Creek","NH",0,"Cape Fear (South)",2025-05-27,"May",2025,"Before",0.06,2,0.069,13000,0.068,151,1.155,6.1,62,NA,240,0.08,NA,50.8,0.1575,4450,0.2,NA,7.4,17.5,0.38,0.03,3.7,9.8,2.81
"NH0.0NHC","New Hope Creek","NH",0,"Cape Fear (South)",2025-06-24,"Jun",2025,"Before",0.065,2,0.069,15650,1.94575,171,1.6275,6.6,82,NA,806,0.095,NA,57.8,0.2235,4545,0.285,NA,7.2,26.5,0.52,0.065,7.15,10.1,2.68
"NH0.0NHC","New Hope Creek","NH",0,"Cape Fear (South)",2025-07-22,"Jul",2025,"After",0.03,2,0.069,9300,0.2575,93,2.66,5.8,72,NA,1430,0.06,NA,34.8,0.426,2820,0.15,NA,7.1,25.8,0.72,0.05,16.5,25.3,7.275
"NH0.0NHC","New Hope Creek","NH",0,"Cape Fear (South)",2025-08-26,"Aug",2025,"After",0.03,2,0.069,13700,0.068,160,1.285,5.1,60,NA,375,0.08,NA,52.4,0.123,4420,0.12,NA,7.3,22.4,0.4,0.04,11.5,6.2,2.68
"NH0.0NHC","New Hope Creek","NH",0,"Cape Fear (South)",2025-09-23,"Sep",2025,"After",0.04,2.2,0.069,16800,0.068,190,1.14,3.9,43,NA,440,0.1,NA,52.9,0.2035,2670,0.05,NA,7.1,20.3,0.37,0.18,NA,10,2.68
"NH0.0NHC","New Hope Creek","NH",0,"Cape Fear (South)",2025-10-28,"Oct",2025,"After",0.03,3.5,0.069,8910,0.4,112,2.68,7.7,73,NA,20000,0.08,NA,32.6,1.458,2510,0.27,NA,7.2,12.5,0.66,0.17,41.6,46.2,8.835
"NH0.0NHC","New Hope Creek","NH",0,"Cape Fear (South)",2025-11-18,"Nov",2025,"After",0.03,2,0.069,15000,0.068,181,1.46,5.4,46,NA,92,0.09,NA,57.7,0.2225,4920,0.04,NA,7,9,0.49,0.06,6,9,4.185
"NH0.0NHC","New Hope Creek","NH",0,"Cape Fear (South)",2025-12-16,"Dec",2025,"After",0.03,2,0.069,15400,0.068,187,1.74,10.2,76,NA,88,0.08,NA,59.2,0.379,5070,0.04,NA,7.4,3.1,0.4,0.05,3.7,9.1,3.83
"NH1.0SC","New Hope Creek","NH",1,"Cape Fear (South)",2025-01-28,"Jan",2025,"Before",0.16,2,0.344,34200,0.679,575,3.21,12.8,96,NA,135,0.17,0.9,116,1.551,7400,0.12,NA,7.6,3.4,0.67,0.11,51.4,41.2,9.275
"NH1.0SC","New Hope Creek","NH",1,"Cape Fear (South)",2025-02-25,"Feb",2025,"Before",0.04,2,0.069,28800,0.068,686,2.875,11.5,93,NA,55,0.11,NA,102,0.428,7240,0.02,NA,7.5,6.2,0.3,0.11,3.6,8.3,7.97
"NH1.0SC","New Hope Creek","NH",1,"Cape Fear (South)",2025-03-25,"Mar",2025,"Before",0.03,2,0.069,21600,0.068,280,2.935,9,84,NA,401,0.12,NA,80.2,0.411,6360,0.16,NA,7.5,11.9,0.37,0.02,6.6,9.7,5.57
"NH1.0SC","New Hope Creek","NH",1,"Cape Fear (South)",2025-05-27,"May",2025,"Before",0.075,2,0.069,21800,0.18825,241,1.77,7.3,75,NA,282,0.12,NA,78.7,0.2485,5880,0.22,NA,7.4,16.8,0.605,0.05,2.5,6.5,3.165
"NH1.0SC","New Hope Creek","NH",1,"Cape Fear (South)",2025-06-24,"Jun",2025,"Before",0.07,2,0.069,18200,1.228,206,2.385,5.9,73,NA,2000,0.12,NA,63.6,0.2405,4400,0.24,NA,7.2,25.6,0.56,0.09,2.6,4,2.68
"NH1.0SC","New Hope Creek","NH",1,"Cape Fear (South)",2025-07-22,"Jul",2025,"After",0.08,2,0.069,14900,0.392,156,3.415,6.2,76,NA,1690,0.11,0.7,52.2,0.4555,3660,0.38,NA,7.2,25.6,0.7,0.06,5.4,8,3.48
"NH1.0SC","New Hope Creek","NH",1,"Cape Fear (South)",2025-08-26,"Aug",2025,"After",0.06,2,0.069,21300,0.068,199,2.12,7.2,81,NA,510,0.15,NA,77.4,0.13,5880,0.23,NA,7.4,21.1,0.53,0.05,2.5,3.8,2.755
"NH1.0SC","New Hope Creek","NH",1,"Cape Fear (South)",2025-09-23,"Sep",2025,"After",0.05,2,0.069,24900,0.068,301,1.72,6.6,72,NA,1850,0.16,NA,76.2,0.104,3390,0.11,NA,7.4,19.4,0.46,0.11,2.5,3.7,2.68
"NH1.0SC","New Hope Creek","NH",1,"Cape Fear (South)",2025-10-28,"Oct",2025,"After",0.03,4.4,0.069,11200,0.505,110,3.63,9.4,89,NA,23000,0.08,NA,38,1.9295,2420,0.32,NA,7.2,12.6,0.73,0.21,46.9,42,7.935
"NH1.0SC","New Hope Creek","NH",1,"Cape Fear (South)",2025-11-18,"Nov",2025,"After",0.03,2,0.069,20700,0.068,246,2.105,10.8,92,NA,140,0.14,NA,74.7,0.262,5570,0.04,NA,7.2,7.8,0.52,0.02,2.5,3.6,3.12
"NH1.0SC","New Hope Creek","NH",1,"Cape Fear (South)",2025-12-16,"Dec",2025,"After",0.055,2,0.15675,20200,0.2745,243,1.9475,13.2,94,NA,128,0.13,NA,75.25,0.44075,6040,0.065,NA,7.4,1.5,0.43,0.03,3.75,6.2,4.285
"NH2.3MC","New Hope Creek","NH",2.3,"Cape Fear (South)",2025-01-28,"Jan",2025,"Before",0.03,2,0.069,14600,0.068,147,0.9695,13.4,99,NA,61,0.04,0.46,60,0.0965,5740,0.1,NA,7.6,2.6,0.28,0.02,2.5,2.8,2.68
"NH2.3MC","New Hope Creek","NH",2.3,"Cape Fear (South)",2025-02-25,"Feb",2025,"Before",0.03,2,0.069,11600,0.068,121,0.826,12.4,98,NA,290,0.03,0.45,49,0.177,4900,0.18,NA,7.5,5.2,0.19,NA,4.4,6.9,2.68
"NH2.3MC","New Hope Creek","NH",2.3,"Cape Fear (South)",2025-03-25,"Mar",2025,"Before",0.03,2,0.069,10000,0.077,128,1.385,7.9,74,NA,100,0.09,NA,46.8,0.1795,5280,0.13,NA,7.6,11.9,0.25,0.02,5.1,4,2.68
"NH2.3MC","New Hope Creek","NH",2.3,"Cape Fear (South)",2025-05-27,"May",2025,"Before",0.04,2,0.7145,11600,1.195,147,1.76,6.7,69,NA,293,0.09,NA,50.1,0.7035,5150,0.32,NA,7.4,16.4,0.41,0.02,3.8,11.6,3.695
"NH2.3MC","New Hope Creek","NH",2.3,"Cape Fear (South)",2025-06-24,"Jun",2025,"Before",0.05,2,0.069,12800,0.704,157,1.34,5.7,70,NA,1370,0.09,NA,52.6,0.1425,4990,0.24,NA,7.2,25.3,0.51,0.05,6,8.9,2.68
"NH2.3MC","New Hope Creek","NH",2.3,"Cape Fear (South)",2025-07-22,"Jul",2025,"After",0.03,2,0.069,12200,0.2895,140,1.645,6,72,NA,2100,0.08,0.43,49.9,0.1835,4730,0.25,NA,7.3,25.2,0.49,0.02,3.8,10.1,3.43
"NH2.3MC","New Hope Creek","NH",2.3,"Cape Fear (South)",2025-08-26,"Aug",2025,"After",0.03,2,0.069,12500,0.068,135,1.41,6.9,78,NA,580,0.07,NA,54.3,0.121,5630,0.29,NA,7.4,21,0.4,0.03,2.5,9.3,2.68
"NH2.3MC","New Hope Creek","NH",2.3,"Cape Fear (South)",2025-09-23,"Sep",2025,"After",0.04,2,0.069,11700,0.654,165,1.305,5.4,58,NA,367,0.09,NA,51.1,0.1405,5330,0.09,NA,7.3,18.3,0.29,0.04,2.5,5.2,5.005
"NH2.3MC","New Hope Creek","NH",2.3,"Cape Fear (South)",2025-10-28,"Oct",2025,"After",0.03,2.8,0.069,7640,0.068,99.8,2.13,8.9,83,NA,5800,0.06,1.5,31.1,0.3415,2920,0.32,NA,7.4,12.2,0.65,0.15,19.8,32.9,2.735
"NH2.3MC","New Hope Creek","NH",2.3,"Cape Fear (South)",2025-11-18,"Nov",2025,"After",0.03,2,0.069,10550,0.068,142,0.7685,9.8,80,NA,900,0.07,NA,47.75,0.086,5185,0.05,NA,7.2,6.8,0.31,0.02,2.5,3.9,2.68
"NH2.3MC","New Hope Creek","NH",2.3,"Cape Fear (South)",2025-12-16,"Dec",2025,"After",0.03,2,0.069,10500,0.068,155,1.735,13,91,NA,590,0.07,NA,47.6,0.086,5170,0.24,NA,7.2,0.6,0.31,0.02,2.5,4.8,2.68
"NH3.0NHC","New Hope Creek","NH",3,"Cape Fear (South)",2025-01-28,"Jan",2025,"Before",0.03,2,0.069,13800,0.068,190,0.669,12.3,91,NA,8,0.03,NA,51.3,0.086,4120,0.02,NA,7.3,2.9,0.15,0.02,2.5,6.9,2.68
"NH3.0NHC","New Hope Creek","NH",3,"Cape Fear (South)",2025-02-25,"Feb",2025,"Before",0.03,2,0.069,9300,0.068,182,0.3285,12,94,NA,79,0.04,NA,37.1,0.111,3370,0.1,NA,7.2,4.9,0.15,NA,2.5,11.5,2.68
"NH3.0NHC","New Hope Creek","NH",3,"Cape Fear (South)",2025-03-25,"Mar",2025,"Before",0.03,2,0.069,9950,0.068,164,0.76325,9.5,86,NA,32,0.07,NA,40.5,0.09175,3790,0.045,NA,7.3,11,0.15,0.025,2.5,11.8,2.68
"NH3.0NHC","New Hope Creek","NH",3,"Cape Fear (South)",2025-05-27,"May",2025,"Before",0.04,2,0.069,11100,0.068,132,1.205,6.3,65,NA,192,0.07,NA,44.2,0.1155,4000,0.15,NA,7.6,17,0.28,0.02,2.5,3.8,2.68
"NH3.0NHC","New Hope Creek","NH",3,"Cape Fear (South)",2025-06-24,"Jun",2025,"Before",0.04,2,0.2885,13000,0.765,146,1.72,6.1,76,NA,1000,0.07,NA,49,0.2765,4000,0.2,NA,7.4,26.7,0.34,0.02,32.5,7.1,2.68
"NH3.0NHC","New Hope Creek","NH",3,"Cape Fear (South)",2025-07-22,"Jul",2025,"After",0.03,2,0.48,9510,0.657,79.3,2.725,6.9,84,NA,875,0.06,NA,34.1,0.7515,2510,0.18,NA,7.4,25.3,0.65,0.04,6.5,19.3,2.68
"NH3.0NHC","New Hope Creek","NH",3,"Cape Fear (South)",2025-08-26,"Aug",2025,"After",0.03,2,0.069,11500,0.068,136,0.9675,7.2,83,NA,310,0.06,NA,45.2,0.0865,4010,0.12,NA,7.4,22,0.65,0.02,2.5,3,2.68
"NH3.0NHC","New Hope Creek","NH",3,"Cape Fear (South)",2025-09-23,"Sep",2025,"After",0.03,2,0.069,13300,0.068,148,0.8845,7.6,71,NA,580,0.06,NA,51.7,0.091,4490,0.04,NA,7.4,19.9,0.17,0.02,4.1,7.5,2.68
"NH3.0NHC","New Hope Creek","NH",3,"Cape Fear (South)",2025-10-28,"Oct",2025,"After",0.03,2,0.1145,10450,0.068,142,0.7215,8,74,NA,543.5,0.065,NA,46.05,0.193,4820,0.04,NA,7.5,12,0.215,0.045,10.6,2.4,3.4775
"NH3.0NHC","New Hope Creek","NH",3,"Cape Fear (South)",2025-11-18,"Nov",2025,"After",0.03,2,0.069,14100,0.068,157,1.306,9.2,81,NA,317,0.06,NA,54.6,0.086,4690,0.04,NA,7.8,8.3,0.25,0.02,2.5,1.3,3.16
"NH3.0NHC","New Hope Creek","NH",3,"Cape Fear (South)",2025-12-16,"Dec",2025,"After",0.04,2,0.069,14400,0.068,166,0.6685,12.4,88,NA,32,0.07,NA,57,0.1945,5090,0.04,NA,7.5,1.2,0.22,0.02,2.5,6.6,2.68
"NH3.3SC","New Hope Creek","NH",3.3,"Cape Fear (South)",2025-01-28,"Jan",2025,"Before",0.17,2.3,0.288,26600,0.068,497,2.23,12.3,94,NA,44,0.25,NA,93.5,0.37,6580,0.1,4.29,7.5,3.9,0.58,0.08,5.3,10.5,22.7
"NH3.3SC","New Hope Creek","NH",3.3,"Cape Fear (South)",2025-02-25,"Feb",2025,"Before",0.05,2,0.06925,36850,0.068,820,3.0625,10.8,86,40.2,34,0.03,NA,131,0.311,9410,0.02,4.78,7.3,5.6,0.34,0.11,3.8,7.9,10.8775
"NH3.3SC","New Hope Creek","NH",3.3,"Cape Fear (South)",2025-03-25,"Mar",2025,"Before",0.04,2,0.069,21700,0.068,326,3.105,7.4,69,168,300,0.12,NA,79.6,0.3735,6170,0.17,6.8,7.3,12.1,0.43,0.02,4.9,9.5,5.835
"NH3.3SC","New Hope Creek","NH",3.3,"Cape Fear (South)",2025-05-27,"May",2025,"Before",0.05,2,0.069,28200,0.068,314,1.665,6.7,68,31.4,290,0.14,NA,98.8,0.128,6900,0.24,4.675,7.4,16.6,0.54,0.05,2.5,3.8,2.965
"NH3.3SC","New Hope Creek","NH",3.3,"Cape Fear (South)",2025-06-24,"Jun",2025,"Before",0.06,2,0.069,19400,0.6095,234,3.36,5.3,65,523,1000,0.14,NA,67.3,0.2105,4610,0.35,6.11,7.2,25.7,0.6,0.03,2.5,3.3,2.68
"NH3.3SC","New Hope Creek","NH",3.3,"Cape Fear (South)",2025-07-22,"Jul",2025,"After",0.11,2,0.069,17200,0.2945,184,4.12,5.4,66,167,3100,0.11,NA,59,0.2735,3880,0.56,6.45,7.1,26,0.77,0.05,3.4,4.8,5.165
"NH3.3SC","New Hope Creek","NH",3.3,"Cape Fear (South)",2025-08-26,"Aug",2025,"After",0.04,2,0.145,23200,0.068,293,2.56,6.3,71,83.5,560,0.2,NA,83.1,0.2605,6150,0.34,4.91,7.4,21,0.61,0.07,2.5,3.8,3.21
"NH3.3SC","New Hope Creek","NH",3.3,"Cape Fear (South)",2025-09-23,"Sep",2025,"After",0.045,2,0.07575,22600,0.068,283,2.04,4,43,NA,590,0.18,NA,79.2,0.09125,5535,0.06,4.96,7.2,18.8,0.38,0.075,2.5,1.2,2.68
"NH3.3SC","New Hope Creek","NH",3.3,"Cape Fear (South)",2025-10-28,"Oct",2025,"After",0.03,4.3,0.069,8840,0.284,117,4.28,9.6,90,NA,21000,0.08,NA,31.9,1.0425,2390,0.34,6.925,7.5,12.8,0.69,0.16,22.7,27.1,10.065
"NH3.3SC","New Hope Creek","NH",3.3,"Cape Fear (South)",2025-11-18,"Nov",2025,"After",0.03,2,0.069,18700,0.3025,266,2.685,8.4,68,NA,240,0.22,NA,66.7,0.0875,4900,0.05,5.02,7.3,6.8,0.51,0.02,2.5,2.3,4.06
"NH3.3SC","New Hope Creek","NH",3.3,"Cape Fear (South)",2025-12-16,"Dec",2025,"After",0.05,2,0.069,20500,0.068,276,2.25,11.4,80,NA,146,0.15,NA,73.1,0.21,5290,0.13,3.93,7.1,0.8,0.51,0.04,2.5,3.5,3.92
"NH4.4SCTD","New Hope Creek","NH",4.4,"Cape Fear (South)",2025-01-28,"Jan",2025,"Before",0.27,2,0.0695,21850,0.068,397,2.035,11.2,88,NA,4,0.38,2.5,76.5,0.22775,5325,0.075,NA,7.2,5.1,0.59,0.175,4.6,9.2,91.05
"NH4.4SCTD","New Hope Creek","NH",4.4,"Cape Fear (South)",2025-02-25,"Feb",2025,"Before",0.09,2,0.174,39200,0.068,826,3.905,8.4,68,NA,47,0.11,2,136,0.4635,9360,0.02,NA,7.1,6.2,0.31,0.11,8.5,15.8,15.3
"NH4.4SCTD","New Hope Creek","NH",4.4,"Cape Fear (South)",2025-03-25,"Mar",2025,"Before",0.04,2,0.222,28600,0.1555,422,4.12,7.8,73,NA,1000,0.12,1.55,102,0.63,7380,0.2,NA,7.2,12.3,0.44,0.08,10.1,18.1,7.655
"NH4.4SCTD","New Hope Creek","NH",4.4,"Cape Fear (South)",2025-05-27,"May",2025,"Before",0.11,2.2,0.1285,36000,0.068,357,1.385,6,62,NA,280,0.14,1.2,122,0.285,7910,0.2,NA,7,16.8,0.6,0.1,11.9,16.4,2.86
"NH4.4SCTD","New Hope Creek","NH",4.4,"Cape Fear (South)",2025-06-24,"Jun",2025,"Before",0.09,2,0.154,24700,0.5985,254,2.5,3.3,40,NA,600,0.13,1.05,84.7,0.4435,5590,0.2,NA,7,24.7,0.7,0.12,7.8,12.3,2.68
"NH4.4SCTD","New Hope Creek","NH",4.4,"Cape Fear (South)",2025-07-22,"Jul",2025,"After",0.07,2,0.1525,20000,0.1475,199,4.605,3.5,42,NA,1810,0.1,1.05,66.7,0.655,4110,0.33,NA,6.7,25.6,0.77,0.1,5.5,10.4,10.045
"NH4.4SCTD","New Hope Creek","NH",4.4,"Cape Fear (South)",2025-08-26,"Aug",2025,"After",0.045,2.05,0.093,34700,0.068,355,1.6175,5.4,61,NA,395,0.15,0.85,120.5,0.14075,8240,0.525,NA,7.1,21.2,0.63,0.075,2.5,9.8,2.7075
"NH4.4SCTD","New Hope Creek","NH",4.4,"Cape Fear (South)",2025-09-23,"Sep",2025,"After",0.06,2,0.087,33100,0.068,339,1.47,2.3,24,NA,440,0.16,0.82,118,0.086,8550,0.04,NA,7.1,18.8,0.43,0.7,2.5,4.5,2.69
"NH4.4SCTD","New Hope Creek","NH",4.4,"Cape Fear (South)",2025-10-28,"Oct",2025,"After",0.03,3.8,0.1335,8820,0.1685,129,4.92,9.5,90,NA,12000,0.08,1.5,33.8,1.2015,2850,0.32,NA,7.9,12.7,0.73,0.13,16.2,21.9,9.03
"NH4.4SCTD","New Hope Creek","NH",4.4,"Cape Fear (South)",2025-11-18,"Nov",2025,"After",0.03,2.2,0.0785,26900,0.068,285,1.59,3.3,27,NA,32,0.12,1.29,96.9,0.189,7200,0.04,NA,6.9,8.1,0.4,0.03,19.3,20.9,5.69
"NH4.4SCTD","New Hope Creek","NH",4.4,"Cape Fear (South)",2025-12-16,"Dec",2025,"After",0.08,2,0.0725,28900,0.068,381,1.53,8.9,65,NA,38,0.12,0.05,102,0.3395,7350,0.06,NA,6.5,2.4,0.53,0.05,12.3,24.2,3.585
"PN1.9PN","Panther Creek","PN",1.9,"Neuse (North)",2025-01-07,"Jan",2025,"Before",0.09,2,0.069,6450,1.713,100,4.76,11.9,88,NA,4700,0.05,NA,29.7,2.1435,3300,0.33,NA,7.7,2.9,NA,0.28,83.5,224,10.655
"PN1.9PN","Panther Creek","PN",1.9,"Neuse (North)",2025-02-04,"Feb",2025,"Before",0.03,2,0.139,10800,0.451,148,2.165,10.9,95,NA,NA,0.03,NA,62.1,0.937,8550,0.05,NA,7.3,9.1,0.48,0.14,21.5,59.2,5.705
"PN1.9PN","Panther Creek","PN",1.9,"Neuse (North)",2025-03-04,"Mar",2025,"Before",0.03,2,0.069,15200,0.282,190,1.75,11.7,96,NA,300,0.03,NA,63.3,0.387,6130,0.02,NA,7.6,6.8,0.21,0.12,16,32.4,3.91
"PN1.9PN","Panther Creek","PN",1.9,"Neuse (North)",2025-04-01,"Apr",2025,"Before",0.03,2.8,0.069,10500,0.714,161,2.58,8.9,89,NA,1550,0.25,NA,43.4,1.132,4170,0.09,NA,7.1,15.3,0.65,0.3,43.6,75.2,5.255
"PN1.9PN","Panther Creek","PN",1.9,"Neuse (North)",2025-06-03,"Jun",2025,"Before",0.04,2,0.069,8595,1.946,117,3.61,7.2,75,NA,945,0.11,NA,36,1.46175,3530,0.25,NA,7.1,16.8,0.475,0.285,65,162,6.94
"PN1.9PN","Panther Creek","PN",1.9,"Neuse (North)",2025-07-01,"Jul",2025,"Before",0.06,2,0.069,7210,2.56,121,4.515,5,60,NA,4070,0.13,NA,32.2,2.37,3450,0.29,NA,7.2,24.9,0.6,0.13,44.2,145,9.935
"PN1.9PN","Panther Creek","PN",1.9,"Neuse (North)",2025-08-05,"Aug",2025,"After",0.05,2,0.069,23300,0.068,199,3.25,4.7,53,NA,923,0.13,NA,88.9,0.3835,7470,0.14,NA,7.3,21,NA,0.11,49,10.7,10.44
"PN1.9PN","Panther Creek","PN",1.9,"Neuse (North)",2025-09-02,"Sep",2025,"After",0.27,2.9,0.072,19800,0.068,173,1.675,3.8,42,NA,480,0.11,NA,75,0.2705,6200,1.05,NA,7.1,17.7,0.8,0.08,6.6,21.6,2.68
"PN1.9PN","Panther Creek","PN",1.9,"Neuse (North)",2025-10-07,"Oct",2025,"After",0.03,2.7,0.069,14300,0.068,158,0.369,2.1,22,NA,400,0.12,NA,54.4,0.2965,4510,0.04,NA,6.9,17.6,0.68,0.14,2.5,11,2.68
"PN1.9PN","Panther Creek","PN",1.9,"Neuse (North)",2025-11-03,"Nov",2025,"After",0.03,3,0.069,8830,0.9915,122,2.45,9,85,NA,8400,0.1,NA,33.9,0.769,2880,0.16,NA,7.4,12.5,0.81,0.19,28,71,4.495
"PN1.9PN","Panther Creek","PN",1.9,"Neuse (North)",2025-12-01,"Dec",2025,"After",0.03,2.5,0.069,17600,0.068,238,0.7415,NA,NA,NA,200,0.12,NA,79.3,0.1185,8560,0.12,NA,6.9,6.9,0.58,0.13,4.2,8,2.68
"SI1.6SIC","Stirrup Iron Creek","SI",1.6,"Neuse (North)",2025-01-14,"Jan",2025,"Before",0.03,2.1,0.069,16000,0.1925,240,10.745,12.3,90,NA,192,0.05,NA,59.4,0.3075,4730,0.06,NA,7.3,2.3,0.55,0.02,7,12.7,5.185
"SI1.6SIC","Stirrup Iron Creek","SI",1.6,"Neuse (North)",2025-02-11,"Feb",2025,"Before",0.03,2,0.069,19800,0.068,422,12.945,11.1,91,NA,310,0.03,NA,72.2,0.1895,5530,0.02,NA,7.3,6.8,0.46,0.09,7.6,10.2,6.695
"SI1.6SIC","Stirrup Iron Creek","SI",1.6,"Neuse (North)",2025-03-11,"Mar",2025,"Before",0.03,3.2,0.069,14700,0.176,334,10.425,10.7,93,NA,53,0.22,NA,54.8,0.3045,4370,0.06,NA,7.3,9.7,0.61,0.04,18.5,16.7,16.4
"SI1.6SIC","Stirrup Iron Creek","SI",1.6,"Neuse (North)",2025-04-08,"Apr",2025,"Before",0.1,3.6,0.069,12200,0.441,215,52.5,6.8,70,NA,18000,0.11,NA,43.4,0.8155,3120,0.07,NA,7.1,16.8,0.57,0.21,29.4,41.3,10.31
"SI1.6SIC","Stirrup Iron Creek","SI",1.6,"Neuse (North)",2025-06-10,"Jun",2025,"Before",0.07,2.9,0.069,12600,0.218,178,16.95,6.4,75,NA,1000,0.12,NA,44.6,0.25,3190,0.26,NA,7.3,23.5,1.01,0.13,8.5,14.8,4.01
"SI1.6SIC","Stirrup Iron Creek","SI",1.6,"Neuse (North)",2025-07-08,"Jul",2025,NA,0.04,2,0.069,9070,0.4905,116,27,6.2,78,NA,2200,0.12,NA,32.3,0.313,2350,0.17,NA,7.1,26.5,1.07,0.1,10.3,17.5,3.91
"SI1.6SIC","Stirrup Iron Creek","SI",1.6,"Neuse (North)",2025-08-12,"Aug",2025,"After",0.03,3.65,0.069,8870,0.18025,104,14.4,6.3,76,NA,3600,0.09,NA,33,0.509,2630,0.09,NA,7,24.7,1,0.13,16.2,27,5.295
"SI1.6SIC","Stirrup Iron Creek","SI",1.6,"Neuse (North)",2025-09-09,"Sep",2025,"After",0.03,3,0.069,21000,0.068,254,6.015,6,66,NA,1,0.11,NA,76.8,0.1665,5960,0.04,NA,7.7,20.3,0.57,0.07,16,5.6,4.055
"SI1.6SIC","Stirrup Iron Creek","SI",1.6,"Neuse (North)",2025-10-14,"Oct",2025,"After",0.03,2,0.069,10100,0.068,115,12.28,6.7,69,NA,340,0.09,NA,39.3,0.2025,3430,0.04,NA,7.5,17.1,0.59,0.04,2.5,9.7,4.945
"SI1.6SIC","Stirrup Iron Creek","SI",1.6,"Neuse (North)",2025-11-04,"Nov",2025,"After",0.03,2,0.069,6510,0.213,106,17.9,9.3,89,NA,540,0.08,NA,25.3,0.272,2190,0.04,NA,7.2,12.8,0.66,0.08,7,17.6,3.505
"SI1.6SIC","Stirrup Iron Creek","SI",1.6,"Neuse (North)",2025-12-02,"Dec",2025,"After",0.04,5.5,0.069,7740,0.97,96,23.2,9.5,79,NA,7800,0.07,NA,29.2,0.983,2390,0.08,NA,6.6,7.1,0.42,0.23,23.9,54.4,15.05
"TF1.0TC","Third Fork Creek","TF",1,"Cape Fear (South)",2025-01-21,"Jan",2025,"Before",0.08,2,0.0705,28100,0.1735,244,3.495,12.5,90,NA,1100,0.07,NA,95.6,0.9995,6190,0.14,6.06,7.6,1.9,0.73,0.06,13.3,27.5,9.155
"TF1.0TC","Third Fork Creek","TF",1,"Cape Fear (South)",2025-02-18,"Feb",2025,"Before",0.04,2,0.069,20900,0.19,222,4.385,11.4,90,197,440,0.03,NA,74.1,1.0465,5340,0.49,7.47,7.4,5.3,0.51,0.12,15.1,28.1,8.46
"TF1.0TC","Third Fork Creek","TF",1,"Cape Fear (South)",2025-03-18,"Mar",2025,"Before",0.03,2,0.069,12200,0.3745,431,5.485,8.6,79,523,1100,0.1,NA,51.2,1.1545,5060,0.16,9.86,7.5,11.3,0.64,0.04,16.4,9.4,6.785
"TF1.0TC","Third Fork Creek","TF",1,"Cape Fear (South)",2025-05-20,"May",2025,"Before",0.075,2,0.069,25200,0.23225,269,2.6025,6.2,68,214,410.5,0.19,NA,89,0.5055,6340,0.21,7.61,7.4,7.4,0.625,0.105,7,12.7,3.11
"TF1.0TC","Third Fork Creek","TF",1,"Cape Fear (South)",2025-06-17,"Jun",2025,"Before",0.06,2,0.069,13700,1.405,143,6.01,5.9,70,559.5,3290,0.13,NA,48.2,1.3405,3410,0.22,8.87,7.2,24.5,0.63,0.2,18,28.7,3.275
"TF1.0TC","Third Fork Creek","TF",1,"Cape Fear (South)",2025-07-15,"Jul",2025,"After",0.04,3,0.069,11800,1.332,122,5.36,5.7,69,3970,55000,0.12,NA,41,1.6385,2820,0.28,9.61,7.1,25.6,0.77,0.26,16.4,65.3,7.2
"TF1.0TC","Third Fork Creek","TF",1,"Cape Fear (South)",2025-08-19,"Aug",2025,"After",0.05,2,0.069,25800,0.068,270,2.955,6.3,76,135,440,0.22,NA,90.8,0.303,6410,0.28,7.64,7.5,24.7,0.62,0.14,2.5,7.1,4.89
"TF1.0TC","Third Fork Creek","TF",1,"Cape Fear (South)",2025-09-16,"Sep",2025,"After",0.06,2,0.069,28800,0.068,270,2.055,6.5,71,NA,560,0.23,NA,85.6,0.167,3340,0.08,7.145,7.4,19.6,0.49,0.18,2.5,4.7,2.68
"TF1.0TC","Third Fork Creek","TF",1,"Cape Fear (South)",2025-10-21,"Oct",2025,"After",0.03,2,0.069,20300,0.123,240,2.46,7.3,71,NA,168,0.21,NA,74.4,0.7515,5740,0.04,6.31,7.5,13.7,0.52,0.25,17.3,24.9,3.66
"TF1.0TC","Third Fork Creek","TF",1,"Cape Fear (South)",2025-11-12,"Nov",2025,"After",0.03,2,0.069,5740,0.0955,210,2.32,7.6,65,NA,120,0.18,NA,36.3,0.239,5340,0.04,5.97,7.5,8.4,0.74,0.13,2.5,6,2.99
"TF1.0TC","Third Fork Creek","TF",1,"Cape Fear (South)",2025-12-11,"Dec",2025,"After",0.04,2,0.069,21200,0.105,259,2.14,11.5,90,NA,427,0.18,NA,76,0.303,5570,0.08,5.14,7.4,4.5,0.36,0.17,2.9,7.4,3.075
"TF3.4TC","Third Fork Creek","TF",3.4,"Cape Fear (South)",2025-01-21,"Jan",2025,"Before",0.09,2,0.069,25500,0.143,398,3.455,12.7,89,NA,834,0.07,NA,87.5,1.009,5750,0.18,NA,7.6,0.9,0.81,0.07,15.7,29.6,14.41
"TF3.4TC","Third Fork Creek","TF",3.4,"Cape Fear (South)",2025-02-18,"Feb",2025,"Before",0.06,2,0.069,27800,0.0755,294,3.7,11.6,90,NA,700,0.03,NA,98.2,0.8685,6960,0.67,NA,7.5,4.9,0.5,0.06,10.7,19.3,13.025
"TF3.4TC","Third Fork Creek","TF",3.4,"Cape Fear (South)",2025-03-18,"Mar",2025,"Before",0.04,2,0.069,21900,0.4885,282,5.695,9.1,82,NA,1350,0.13,NA,79.9,1.217,6140,0.2,NA,7.3,10.6,0.74,0.04,14,45.3,10.145
"TF3.4TC","Third Fork Creek","TF",3.4,"Cape Fear (South)",2025-05-20,"May",2025,"Before",0.12,2,0.0875,30800,0.143,354,2.545,6.9,75,NA,660,0.25,NA,106,0.3865,7110,0.25,NA,7.5,19.5,0.55,0.06,3.5,7.1,4.865
"TF3.4TC","Third Fork Creek","TF",3.4,"Cape Fear (South)",2025-06-17,"Jun",2025,"Before",0.06,2,0.069,18300,0.972,186,5.285,6.1,73,NA,5000,0.16,NA,62.4,1.1965,4080,0.31,NA,7.3,24,0.56,0.08,13.8,22.1,4.315
"TF3.4TC","Third Fork Creek","TF",3.4,"Cape Fear (South)",2025-07-15,"Jul",2025,"After",0.04,4,0.069,17400,1.732,172,6.645,6.2,75,NA,50000,0.16,NA,58.6,3.0815,3650,0.34,NA,7.3,25.1,0.7,0.28,77.5,118,13.585
"TF3.4TC","Third Fork Creek","TF",3.4,"Cape Fear (South)",2025-08-19,"Aug",2025,"After",0.1,2,0.2415,32800,0.068,335,3.62,6.4,76,NA,738,0.25,NA,113,0.4935,7630,0.29,NA,7.4,23.9,0.54,0.12,2.5,6.7,5.48
"TF3.4TC","Third Fork Creek","TF",3.4,"Cape Fear (South)",2025-09-16,"Sep",2025,"After",0.12,2,0.069,35300,0.068,352,2.095,6.1,66,NA,880,0.3,NA,104,0.17,3910,0.2,NA,7.4,19,0.51,0.11,4.4,6.8,3.305
"TF3.4TC","Third Fork Creek","TF",3.4,"Cape Fear (South)",2025-10-21,"Oct",2025,"After",0.1,2,0.069,25600,0.068,292,2.215,8.5,79,NA,415,0.26,NA,90.3,0.548,6430,0.09,NA,7.6,12,0.38,0.05,9.3,11.7,4.085
"TF3.4TC","Third Fork Creek","TF",3.4,"Cape Fear (South)",2025-11-12,"Nov",2025,"After",0.04,2,0.069,27700,0.068,300,2.05,10.9,90,NA,100,0.23,NA,97.9,0.175,6980,0.06,NA,7.5,6.9,0.47,0.05,2.5,3.6,5.05
"TF3.4TC","Third Fork Creek","TF",3.4,"Cape Fear (South)",2025-12-11,"Dec",2025,"After",0.21,2,0.069,17000,0.068,332,2.2225,12.1,93,NA,166.5,0.24,NA,67.45,0.2585,6055,0.29,NA,7.5,4,0.62,0.085,2.5,6.9,5.655
"TF4.4TC","Third Fork Creek","TF",4.4,"Cape Fear (South)",2025-01-21,"Jan",2025,"Before",0.08,2.3,0.069,19900,0.209,436,3.855,12.2,87,NA,2230,0.05,NA,70.2,1.442,5000,0.22,NA,7.6,1.3,0.52,0.09,22,13.7,22.2
"TF4.4TC","Third Fork Creek","TF",4.4,"Cape Fear (South)",2025-02-18,"Feb",2025,"Before",0.05,2,0.069,31200,0.068,370,3.485,11.2,87,456,432,0.1,NA,109,0.6655,7600,0.92,NA,7.4,4.7,0.47,0.1,8,14.6,19.05
"TF4.4TC","Third Fork Creek","TF",4.4,"Cape Fear (South)",2025-03-18,"Mar",2025,"Before",0.03,2,0.069,20700,0.47925,211,6.9325,8.8,78,368,1435,0.105,NA,77.75,1.5325,6320,0.34,NA,7.3,9.9,0.53,0.02,10.3,26.4,15.3
"TF4.4TC","Third Fork Creek","TF",4.4,"Cape Fear (South)",2025-05-20,"May",2025,"Before",0.06,2,0.069,36800,0.085,345,2.85,5.8,63,321,1040,0.24,NA,128,0.306,8760,0.36,NA,7.5,19.6,0.47,0.06,2.7,8.7,8.23
"TF4.4TC","Third Fork Creek","TF",4.4,"Cape Fear (South)",2025-06-17,"Jun",2025,"Before",0.11,2,0.069,24600,1.0035,209,6.3,5.3,62,1840,6500,0.14,NA,81.5,1.145,4870,0.57,NA,7.4,23.6,1.03,0.17,13.8,11.1,6.13
"TF4.4TC","Third Fork Creek","TF",4.4,"Cape Fear (South)",2025-07-15,"Jul",2025,"After",0.03,4,0.069,26600,0.861,163,11.605,6.6,80,14250,60000,0.15,NA,88.2,1.8325,5300,0.39,NA,7.4,25.1,0.7,0.18,24.7,43.5,11.14
"TF4.4TC","Third Fork Creek","TF",4.4,"Cape Fear (South)",2025-08-19,"Aug",2025,"After",0.04,2,0.069,35400,0.068,375,4.445,6.5,77,214,1870,0.21,NA,123,0.271,8430,0.39,NA,7.5,24.2,0.49,0.02,2.7,6.3,5.41
"TF4.4TC","Third Fork Creek","TF",4.4,"Cape Fear (South)",2025-09-16,"Sep",2025,"After",0.05,2,0.069,40800,0.068,436,2.885,5.1,55,NA,2500,0.28,NA,184,0.2875,20000,0.09,NA,7.4,19.1,0.46,0.16,2.5,5.8,3.91
"TF4.4TC","Third Fork Creek","TF",4.4,"Cape Fear (South)",2025-10-21,"Oct",2025,"After",0.03,2,0.069,31800,0.068,360,3.095,6.4,63,NA,1080,0.24,NA,102,1.009,5470,0.05,NA,7.5,11.8,0.59,0.16,4.6,6.6,12.35
"TF4.4TC","Third Fork Creek","TF",4.4,"Cape Fear (South)",2025-11-12,"Nov",2025,"After",0.03,2,0.07175,27450,0.068,320,2.5325,7.8,63,NA,122.5,0.18,NA,101.65,0.20625,7995,0.055,NA,7.4,6.1,0.535,0.075,2.5,2.7,6.12
"TF4.4TC","Third Fork Creek","TF",4.4,"Cape Fear (South)",2025-12-11,"Dec",2025,"After",0.38,2,0.069,33400,0.068,459,2.54,11.7,92,NA,190,0.23,NA,117,0.324,8210,0.4,NA,7.5,3.8,3.17,0.12,2.6,6.4,10.2
"TF5.1RC","Third Fork Creek","TF",5.1,"Cape Fear (South)",2025-01-21,"Jan",2025,"Before",0.05,2.2,0.069,26700,0.068,365,3.34,11.8,83,NA,1000,0.29,NA,94.6,0.3685,6810,0.21,NA,7.4,0.9,0.43,0.08,13.6,45.3,28.15
"TF5.1RC","Third Fork Creek","TF",5.1,"Cape Fear (South)",2025-02-18,"Feb",2025,"Before",0.045,2,0.069,31750,0.068,315,2.6825,12.1,94,NA,1375,0.235,NA,112,0.39,7930,0.65,NA,7.4,4.4,0.395,0.12,99.55,14.9,16.425
"TF5.1RC","Third Fork Creek","TF",5.1,"Cape Fear (South)",2025-03-18,"Mar",2025,"Before",0.03,2.5,0.069,24800,0.4435,297,4.82,9.2,81,NA,2430,0.22,NA,92,0.7835,7310,0.17,NA,7.4,9.8,0.44,0.02,11.1,55.8,15.55
"TF5.1RC","Third Fork Creek","TF",5.1,"Cape Fear (South)",2025-05-20,"May",2025,"Before",0.09,2,0.069,29600,0.2195,400,2.845,6.7,73,NA,1480,0.48,NA,101,0.268,6600,0.24,NA,7.4,19.4,0.47,0.11,4.9,6.2,14.365
"TF5.1RC","Third Fork Creek","TF",5.1,"Cape Fear (South)",2025-06-17,"Jun",2025,"Before",0.07,2,0.069,19900,1.059,245,4.46,6.1,72,NA,13000,0.25,NA,66.6,0.5625,4100,0.24,NA,7.4,23.8,0.66,0.18,6.6,31.1,6.8
"TF5.1RC","Third Fork Creek","TF",5.1,"Cape Fear (South)",2025-07-15,"Jul",2025,"After",0.07,3,0.069,15200,1.041,265,7.285,5.5,67,NA,60000,0.19,NA,50.8,1.335,3140,0.41,NA,7.3,25.3,0.63,0.18,26.8,36.3,16.795
"TF5.1RC","Third Fork Creek","TF",5.1,"Cape Fear (South)",2025-08-19,"Aug",2025,"After",0.06,2,0.069,32700,0.068,375,2.875,6,71,NA,938,0.48,NA,113,0.193,7630,0.26,NA,7.4,24.1,0.41,0.13,3.2,5.3,8.375
"TF5.1RC","Third Fork Creek","TF",5.1,"Cape Fear (South)",2025-09-16,"Sep",2025,"After",0.05,2.1,0.069,32200,0.068,399,2.89,2.9,32,NA,1550,0.58,NA,109,0.868,7030,0.08,NA,7.2,19.2,0.46,0.21,17.8,21,5.945
"TF5.1RC","Third Fork Creek","TF",5.1,"Cape Fear (South)",2025-10-21,"Oct",2025,"After",0.185,2,0.069,19950,0.068,340,2.885,3.9,37,NA,315,0.55,NA,72.1,0.38225,5410,0.16,NA,7.2,13.1,0.435,0.23,20.8,7.2,7.9625
"TF5.1RC","Third Fork Creek","TF",5.1,"Cape Fear (South)",2025-11-12,"Nov",2025,"After",0.03,2,0.069,22400,0.068,365,3.825,6.1,50,NA,100,0.41,NA,82.3,0.2215,6410,0.04,NA,7.3,6.5,0.47,0.13,2.7,3.6,10.595
"TF5.1RC","Third Fork Creek","TF",5.1,"Cape Fear (South)",2025-12-11,"Dec",2025,"After",0.11,2,0.069,27000,0.068,371,2.43,10,79,NA,195,0.36,NA,95.7,0.2125,6870,0.25,NA,7.4,4.8,0.44,0.17,3,6.6,16.5
"TF6.5RCUT","Third Fork Creek","TF",6.5,"Cape Fear (South)",2025-01-21,"Jan",2025,"Before",0.03,23,0.12975,39350,0.068,531,2.3925,9.5,67,NA,54.5,0.08,NA,154,0.4335,13450,0.19,NA,7.6,1.1,0.265,0.02,3.1,4.9,23.8
"TF6.5RCUT","Third Fork Creek","TF",6.5,"Cape Fear (South)",2025-02-18,"Feb",2025,"Before",0.03,6.7,0.0905,40700,0.068,409,2.385,10.5,81,NA,520,0.11,NA,144,0.4285,10200,0.87,NA,7.4,4.5,0.41,0.14,5,7.8,17.25
"TF6.5RCUT","Third Fork Creek","TF",6.5,"Cape Fear (South)",2025-03-18,"Mar",2025,"Before",0.07,5.6,0.069,86900,0.068,231,2.905,7.7,66,NA,1400,0.12,NA,260,0.4685,10500,0.34,NA,7.3,9.2,0.5,0.02,10,31.8,9.695
"TF6.5RCUT","Third Fork Creek","TF",6.5,"Cape Fear (South)",2025-05-20,"May",2025,"Before",0.16,2,0.069,49100,0.068,475,1.43,7,72,NA,1000,0.13,NA,180,0.167,13800,0.64,NA,7.4,18.2,0.51,0.04,2.5,3.5,4.4
"TF6.5RCUT","Third Fork Creek","TF",6.5,"Cape Fear (South)",2025-06-17,"Jun",2025,"Before",0.03,7.3,0.069,34200,0.577,322,2.395,2.6,30,NA,4200,0.14,NA,117,0.4185,7560,0.04,NA,7.3,22.3,0.66,0.22,3.8,4.9,4.36
"TF6.5RCUT","Third Fork Creek","TF",6.5,"Cape Fear (South)",2025-07-15,"Jul",2025,"After",0.08,5,0.069,26600,0.789,230,5.685,4.5,54,NA,49000,0.12,NA,89.4,1.0855,5560,0.58,NA,7.3,23.8,0.82,0.1,NA,22.6,13.405
"TF6.5RCUT","Third Fork Creek","TF",6.5,"Cape Fear (South)",2025-08-19,"Aug",2025,"After",0.04,2.2,0.069,46900,0.068,480,2.765,6.2,72,NA,4270,0.12,NA,170,0.1505,12900,1.47,NA,7.6,22.7,0.61,0.14,2.5,1.4,8.17
"TF6.5RCUT","Third Fork Creek","TF",6.5,"Cape Fear (South)",2025-09-16,"Sep",2025,"After",0.03,4.8,0.069,59400,0.068,526,1.28,2.2,23,NA,3200,0.11,NA,225.5,0.13,18650,0.115,NA,7.4,18.7,0.44,0.12,2.5,3.1,3.435
"TF6.5RCUT","Third Fork Creek","TF",6.5,"Cape Fear (South)",2025-10-21,"Oct",2025,"After",0.03,2.8,0.069,57600,0.068,526,1.99,4.8,46,NA,2200,0.1,NA,236,0.17,22400,0.15,NA,7.5,12.4,0.43,0.08,2.5,1.4,3.235
"TF6.5RCUT","Third Fork Creek","TF",6.5,"Cape Fear (South)",2025-11-12,"Nov",2025,"After",0.03,2,0.396,45800,0.068,531,1.435,7,59,NA,100,0.08,NA,181,0.3195,16100,0.21,NA,7,7.2,0.36,0.02,2.5,0.7,4.15
"TF6.5RCUT","Third Fork Creek","TF",6.5,"Cape Fear (South)",2025-12-11,"Dec",2025,"After",0.03,2,0.069,40200,0.068,958,2.495,8.7,70,NA,157,0.1,NA,195,0.224,22800,0.32,NA,7.2,5.6,0.31,0.06,2.5,0.9,6.895
